a, ᠠ
aba, ᠠᠪᠠ
abalambi, ᠠᠪᠠᠯᠠᠮᠪᡳ
abdaha, ᠠᠪᡩᠠᡥᠠ
abka, ᠠᠪᡴᠠ
abkai, ᠠᠪᡴᠠᡳ
acambi, ᠠᠴᠠᠮᠪᡳ
acan, ᠠᠴᠠᠨ
adali, ᠠᡩᠠᠯᡳ
adarame, ᠠᡩᠠᡵᠠᠮᡝ
adu, ᠠᡩᡠ
aduci, ᠠᡩᡠᠴᡳ
adulambi, ᠠᡩᡠᠯᠠᠮᠪᡳ
adun, ᠠᡩᡠᠨ
aga, ᠠᡤᠠ
agambi, ᠠᡤᠠᠮᠪᡳ
age, ᠠᡤᡝ
aha, ᠠᡥᠠ
ahasi, ᠠᡥᠠᠰᡳ
ahūn, ᠠᡥᡡᠨ
ahūngga, ᠠᡥᡡᠩᡤᠠ
ahūnta, ᠠᡥᡡᠨᡨᠠ
ai, ᠠᡳ
aici, ᠠᡳᠴᡳ
aidagan, ᠠᡳᡩᠠᡤᠠᠨ
aifini, ᠠᡳᡶᡳᠨᡳ
aiha, ᠠᡳᡥᠠ
aihū, ᠠᡳᡥᡡ
aihūn, ᠠᡳᡥᡡᠨ
aika, ᠠᡳᡴᠠ
aili, ᠠᡳᠯᡳ
aiman, ᠠᡳᠮᠠᠨ
ainu, ᠠᡳᠨᡠ
aisin, ᠠᡳᠰᡳᠨ
ai᠌nu, ᠠᡳ᠌ᠨᡠ
ai᠌u᠌han, ᠠᡳ᠌ᡠ᠌ᡥᠠᠨ
aja, ᠠᠵᠠ
ajige, ᠠᠵᡳᡤᡝ
ajirgan, ᠠᠵᡳᡵᡤᠠᠨ
akambi, ᠠᡴᠠᠮᠪᡳ
akjan, ᠠᡴᠵᠠᠨ
akū, ᠠᡴᡡ
ak᠋su, ᠠᡴ᠋ᠰᡠ
ala, ᠠᠯᠠ
alajan, ᠠᠯᠠᠵᠠᠨ
alašan, ᠠᠯᠠᡧᠠᠨ
alcuka, ᠠᠯᠴᡠᡴᠠ
algin, ᠠᠯᡤᡳᠨ
alikū, ᠠᠯᡳᡴᡡ
alimbi, ᠠᠯᡳᠮᠪᡳ
alin, ᠠᠯᡳᠨ
aliren, ᠠᠯᡳᡵᡝᠨ
ama, ᠠᠮᠠ
amaga, ᠠᠮᠠᡤᠠ
amaka, ᠠᠮᠠᡴᠠ
amala, ᠠᠮᠠᠯᠠ
amargi, ᠠᠮᠠᡵᡤᡳ
amba, ᠠᠮᠪᠠ
amban, ᠠᠮᠪᠠᠨ
ambu, ᠠᠮᠪᡠ
ambuma, ᠠᠮᠪᡠᠮᠠ
amgambi, ᠠᠮᡤᠠᠮᠪᡳ
amha, ᠠᠮᡥᠠ
amihūn, ᠠᠮᡳᡥᡡᠨ
amila, ᠠᠮᡳᠯᠠ
amji, ᠠᠮᠵᡳ
amtan, ᠠᠮᡨᠠᠨ
amtangga, ᠠᠮᡨᠠᠩᡤᠠ
amu, ᠠᠮᡠ
an, ᠠᠨ
ana, ᠠᠨᠠ
anakū, ᠠᠨᠠᡴᡡ
anambi, ᠠᠨᠠᠮᠪᡳ
ancun, ᠠᠨᠴᡠᠨ
anda, ᠠᠨᡩᠠ
angga, ᠠᠩᡤᠠ
aniya, ᠠᠨᡳᠶᠠ
anju, ᠠᠨᠵᡠ
antaha, ᠠᠨᡨᠠᡥᠠ
antahasi, ᠠᠨᡨᠠᡥᠠᠰᡳ
ara, ᠠᡵᠠ
araha, ᠠᡵᠠᡥᠠ
arambi, ᠠᡵᠠᠮᠪᡳ
arara, ᠠᡵᠠᡵᠠ
arfa, ᠠᡵᡶᠠ
arke, ᠠᡵᡴᡝ
arki, ᠠᡵᡴᡳ
arsalan, ᠠᡵᠰᠠᠯᠠᠨ
arsari, ᠠᡵᠰᠠᡵᡳ
arsun, ᠠᡵᠰᡠᠨ
asha, ᠠᠰᡥᠠ
ashangga, ᠠᠰᡥᠠᠩᡤᠠ
asihan, ᠠᠰᡳᡥᠠᠨ
asu, ᠠᠰᡠ
asuki, ᠠᠰᡠᡴᡳ
atanggi, ᠠᡨᠠᠩᡤᡳ
ayalambi, ᠠᠶᠠᠯᠠᠮᠪᡳ
ayan, ᠠᠶᠠᠨ
aša, ᠠᡧᠠ
aššambi, ᠠᡧᡧᠠᠮᠪᡳ
ba, ᠪᠠ
baihal, ᠪᠠᡳᡥᠠᠯ
baikū, ᠪᠠᡳᡴᡡ
baita, ᠪᠠᡳᡨᠠ
baitalambi, ᠪᠠᡳᡨᠠᠯᠠᠮᠪᡳ
baksangga, ᠪᠠᡴᠰᠠᠩᡤᠠ
balgaši, ᠪᠠᠯᡤᠠᡧᡳ
balu, ᠪᠠᠯᡠ
baniha, ᠪᠠᠨᡳᡥᠠ
banjimbi, ᠪᠠᠨᠵᡳᠮᠪᡳ
baramida, ᠪᠠᡵᠠᠮᡳᡩᠠ
baru, ᠪᠠᡵᡠ
basa, ᠪᠠᠰᠠ
batang, ᠪᠠᡨᠠᠩ
baturu, ᠪᠠᡨᡠᡵᡠ
batu᠋ru, ᠪᠠᡨᡠ᠋ᡵᡠ
bayambi, ᠪᠠᠶᠠᠮᠪᡳ
bayan, ᠪᠠᠶᠠᠨ
baša, ᠪᠠᡧᠠ
be, ᠪᡝ
beging, ᠪᡝᡤᡳᠩ
behe, ᠪᡝᡥᡝ
bei, ᠪᡝᡳ
beihe, ᠪᡝᡳᡥᡝ
beikuwen, ᠪᡝᡳᡴᡠᠸᡝᠨ
beile, ᠪᡝᡳᠯᡝ
bei᠌le, ᠪᡝᡳ᠌ᠯᡝ
bei᠌se, ᠪᡝᡳ᠌ᠰᡝ
bejing, ᠪᡝᠵᡳᠩ
bele, ᠪᡝᠯᡝ
berhu, ᠪᡝᡵᡥᡠ
beri, ᠪᡝᡵᡳ
besergen, ᠪᡝᠰᡝᡵᡤᡝᠨ
beten, ᠪᡝᡨᡝᠨ
bethe, ᠪᡝᡨᡥᡝ
beye, ᠪᡝᠶᡝ
bi, ᠪᡳ
bicibe, ᠪᡳᠴᡳᠪᡝ
bigan, ᠪᡳᡤᠠᠨ
bigarambi, ᠪᡳᡤᠠᡵᠠᠮᠪᡳ
bikcu, ᠪᡳᡴᠴᡠ
bikcuni, ᠪᡳᡴᠴᡠᠨᡳ
bileri, ᠪᡳᠯᡝᡵᡳ
bilha, ᠪᡳᠯᡥᠠ
bilten, ᠪᡳᠯᡨᡝᠨ
bimbi, ᠪᡳᠮᠪᡳ
bing, ᠪᡳᠩ
binggiya, ᠪᡳᠩᡤᡳᠶᠠ
bira, ᠪᡳᡵᠠ
biregen, ᠪᡳᡵᡝᡤᡝᠨ
biren, ᠪᡳᡵᡝᠨ
birgan, ᠪᡳᡵᡤᠠᠨ
bithe, ᠪᡳᡨᡥᡝ
bithesi, ᠪᡳᡨᡥᡝᠰᡳ
bitubumbi, ᠪᡳᡨᡠᠪᡠᠮᠪᡳ
bit᠌he, ᠪᡳᡨ᠌ᡥᡝ
biya, ᠪᡳᠶᠠ
biyai, ᠪᡳᠶᠠᡳ
biyangga, ᠪᡳᠶᠠᠩᡤᠠ
biyangsikū, ᠪᡳᠶᠠᠩᠰᡳᡴᡡ
biyoo, ᠪᡳᠶᠣᠣ
boco, ᠪᠣᠴᠣ
bodisatu, ᠪᠣᡩᡳᠰᠠᡨᡠ
bodokū, ᠪᠣᡩ᠋ᠣᡴᡡ
bodombi, ᠪᠣᡩᠣᠮᠪᡳ
bofun, ᠪᠣᡶᡠᠨ
boihon, ᠪᠣᡳᡥᠣᠨ
bojiri, ᠪᠣᠵᡳᡵᡳ
boljombi, ᠪᠣᠯᠵᠣᠮᠪᡳ
boljon, ᠪᠣᠯᠵᠣᠨ
bolori, ᠪᠣᠯᠣᡵᡳ
bolosu, ᠪᠣᠯᠣᠰᡠ
bonggo, ᠪᠣᠨᡤᡤᠣ
bonio, ᠪᠣᠨᡳᠣ
bono, ᠪᠣᠨᠣ
boo, ᠪᠣᠣ
boobai, ᠪᠣᠣᠪᠠᡳ
booi, ᠪᠣᠣᡳ
boose, ᠪᠣᠣᠰᡝ
boro, ᠪᠣᡵᠣ
bosho, ᠪᠣᠰᡥᠣ
boso, ᠪᠣᠰᠣ
buca, ᠪᡠᠴᠠ
bucehe, ᠪᡠᠴᡝᡥᡝ
buceli, ᠪᡠᠴᡝᠯᡳ
bucembi, ᠪᡠᠴᡝᠮᠪᡳ
buda, ᠪᡠᡩ᠋ᠠ
bud᠋a, ᠪᡠᡩ᠋ᠠ
buha, ᠪᡠᡥᠠ
buhū, ᠪᡠᡥᡡ
buir, ᠪᡠᡳᡵ
bujan, ᠪᡠᠵᠠᠨ
buka, ᠪᡠᡴᠠ
bula, ᠪᡠᠯᠠ
bulehen, ᠪᡠᠯᡝᡥᡝᠨ
buleku, ᠪᡠᠯᡝᡴᡠ
bulukan, ᠪᡠᠯᡠᡴᠠᠨ
buraki, ᠪᡠᡵᠠᡴᡳ
burat, ᠪᡠᡵᠠᡨ
butara, ᠪᡠᡨᠠᡵᠠ
buyen, ᠪᡠᠶᡝᠨ
cabcal, ᠴᠠᠪᠴᠠᠯ
cagan, ᠴᠠᡤᠠᠨ
cahar, ᠴᠠᡥᠠᡵ
cahū, ᠴᠠᡥᡡ
cai, ᠴᠠᡳ
cananggi, ᠴᠠᠨᠠᠩᡤᡳ
canggi, ᠴᠠᠩᡤᡳ
carki, ᠴᠠᡵᡴᡳ
ce, ᠴᡝ
cecike, ᠴᡝᠴᡳᡴᡝ
cejen, ᠴᡝᠵᡝᠨ
cembe, ᠴᡝᠮᠪᡝ
cenci, ᠴᡝᠨᠴᡳ
cende, ᠴᡝᠨᡩᡝ
ceng, ᠴᡝᠩ
ceni, ᠴᡝᠨᡳ
ci, ᠴᡳ
cibin, ᠴᡳᠪᡳᠨ
cicihar, ᠴᡳᠴᡳᡥᠠᡵ
cifenggu, ᠴᡳᡶᡝᠩᡤᡠ
cihalan, ᠴᡳᡥᠠᠯᠠᠨ
cihe, ᠴᡳᡥᡝ
cikten, ᠴᡳᡴᡨᡝᠨ
cimari, ᠴᡳᠮᠠᡵᡳ
cimarilambi, ᠴᡳᠮᠠᡵᡳᠯᠠᠮᠪᡳ
cira, ᠴᡳᡵᠠ
cirku, ᠴᡳᡵᡴᡠ
ciruku, ᠴᡳᡵᡠᡴᡠ
cisu, ᠴᡳᠰᡠ
cisui, ᠴᡳᠰᡠᡳ
coco, ᠴᠣᠴᠣ
coko, ᠴᠣᡴᠣ
cooha, ᠴᠣᠣᡥᠠ
coohiyan, ᠴᠣᠣᡥᡳᠶᠠᠨ
coro, ᠴᠣᡵᠣ
coron, ᠴᠣᡵᠣᠨ
cukūlu, ᠴᡠᡴᡡᠯᡠ
cungguru, ᠴᡠᠩᡤᡠᡵᡠ
cuse, ᠴᡠᠰᡝ
cuwan, ᠴᡠᠸᠠᠨ
da, ᡩᠠ
dabagan, ᡩᠠᠪᠠᡤᠠᠨ
dabcikū, ᡩᠠᠪᠴᡳᡴᡡ
dabkūri, ᡩᠠᠪᡴᡡᡵᡳ
dabsun, ᡩᠠᠪᠰᡠᠨ
dahan, ᡩᠠᡥᠠᠨ
daicing, ᡩᠠᡳ᠌ᠴᡳᠩ
daifu, ᡩᠠᡳᡶᡠ
daifurambi, ᡩᠠᡳᡶᡠᡵᠠᠮᠪᡳ
daiiming, ᡩᠠᡳᡳᠮᡳᠩ
dain, ᡩᠠᡳᠨ
dalan, ᡩᠠᠯᠠᠨ
dalba, ᡩᠠᠯᠪᠠ
dalin, ᡩᠠᠯᡳᠨ
dambagu, ᡩᠠᠮᠪᠠᡤᡠ
damtulambi, ᡩᠠᠮᡨᡠᠯᠠᠮᠪᡳ
damtun, ᡩᠠᠮᡨᡠᠨ
damu, ᡩᠠᠮᡠ
dancalambi, ᡩᠠᠨᠴᠠᠯᠠᠮᠪᡳ
dancan, ᡩᠠᠨᠴᠠᠨ
dangse, ᡩᠠᠩᠰᡝ
dara, ᡩᠠᡵᠠ
darama, ᡩᠠᡵᠠᠮᠠ
dari, ᡩᠠᡵᡳ
darun, ᡩᠠᡵᡠᠨ
dasambi, ᡩᠠᠰᠠᠮᠪᡳ
dasan, ᡩᠠᠰᠠᠨ
de, ᡩᡝ
defu, ᡩᡝᡶᡠ
dehele, ᡩᡝᡥᡝᠯᡝ
dehema, ᡩᡝᡥᡝᠮᠠ
deheme, ᡩᡝᡥᡝᠮᡝ
dehi, ᡩᡝᡥᡳ
deijimbi, ᡩᡝᡳᠵᡳᠮᠪᡳ
delen, ᡩᡝᠯᡝᠨ
delihun, ᡩᡝᠯᡳᡥᡠᠨ
delun, ᡩᡝᠯᡠᠨ
den, ᡩᡝᠨ
deng, ᡩᡝᠩ
dengjan, ᡩᡝᠩᠵᠠᠨ
denglu, ᡩᡝᠩᠯᡠ
dengse, ᡩᡝᠩᠰᡝ
deo, ᡩᡝᠣ
dere, ᡩᡝᡵᡝ
deretu, ᡩᡝᡵᡝᡨᡠ
dergi, ᡩᡝᡵᡤᡳ
derhi, ᡩᡝᡵᡥᡳ
derhuwe, ᡩᡝᡵᡥᡠᠸᡝ
deri, ᡩᡝᡵᡳ
dethe, ᡩᡝᡨᡥᡝ
deyembi, ᡩᡝᠶᡝᠮᠪᡳ
do, ᡩᠣ
dobi, ᡩᠣᠪᡳ
dobonio, ᡩᠣᠪᠣᠨᡳᠣ
dobori, ᡩᠣᠪᠣᡵᡳ
dogon, ᡩᠣᡤᠣᠨ
doholon, ᡩᠣᡥᠣᠯᠣᠨ
dolgin, ᡩᠣᠯᡤᡳᠨ
dolo, ᡩᠣᠯᠣ
dombi, ᡩᠣᠮᠪᡳ
donjimbi, ᡩᠣᠨᠵᡳᠮᠪᡳ
doohan, ᡩᠣᠣᡥᠠᠨ
doose, ᡩᠣᠣᠰᡝ
dorgi, ᡩᠣᡵᡤᡳ
dorgon, ᡩᠣᡵᡤᠣᠨ
doron, ᡩᠣᡵᠣᠨ
dosombi, ᡩᠣᠰᠣᠮᠪᡳ
du, ᡩᡠ
dube, ᡩᡠᠪᡝ
duha, ᡩᡠᡥᠠ
duibuleci, ᡩᡠᡳᠪᡠᠯᡝᠴᡳ
duibulembi, ᡩᡠᡳᠪᡠᠯᡝᠮᠪᡳ
duibulen, ᡩᡠᡳᠪᡠᠯᡝᠨ
duici, ᡩᡠᡳᠴᡳ
duin, ᡩᡠᡳᠨ
duinggeri, ᡩᡠᡳᠩᡤᡝᡵᡳ
duka, ᡩᡠᡴᠠ
dukai, ᡩᡠᡴᠠᡳ
dulefun, ᡩᡠᠯᡝᡶᡠᠨ
dulimba, ᡩᡠᠯᡳᠮᠪᠠ
dulimbai, ᡩᡠᠯᡳᠮᠪᠠᡳ
dulin, ᡩᡠᠯᡳᠨ
dung, ᡩᡠᠩ
dungga, ᡩᡠᠩᡤᠠ
dunggu, ᡩᡠᠩᡤᡠ
durgiya, ᡩᡠᡵᡤᡳᠶᠠ
durun, ᡩᡠᡵᡠᠨ
du᠋du᠋, ᡩᡠ᠋ᡩᡠ᠋
dzai, ᡯᠠᡳ
dzang, ᡯᠠᠩ
dzun, ᡯᡠᠨ
dzy, ᡯᠶ
d᠋e᠋, ᡩ᠋ᡝ᠋
d᠋u᠋, ᡩ᠋ᡠ᠋
e, ᡝ
ebci, ᡝᠪᠴᡳ
ebele, ᡝᠪᡝᠯᡝ
ebišembi, ᡝᠪᡳᡧᡝᠮᠪᡳ
eci, ᡝᠴᡳ
ecike, ᡝᠴᡳᡴᡝ
ecimari, ᡝᠴᡳᠮᠠᡵᡳ
edun, ᡝᡩᡠᠨ
efen, ᡝᡶᡝᠨ
efimbi, ᡝᡶᡳᠮᠪᡳ
efu, ᡝᡶᡠ
efulembi, ᡝᡶᡠᠯᡝᠮᠪᡳ
ehe, ᡝᡥᡝ
eifu, ᡝᡳᡶᡠ
eigen, ᡝᡳᡤᡝᠨ
eihen, ᡝᡳᡥᡝᠨ
eihume, ᡝᡳᡥᡠᠮᡝ
eiten, ᡝᡳᡨᡝᠨ
ei᠌membi, ᡝᡳ᠌ᠮᡝᠮᠪᡳ
ejebun, ᡝᠵᡝᠪᡠᠨ
ejembi, ᡝᠵᡝᠮᠪᡳ
ejen, ᡝᠵᡝᠨ
ejesu, ᡝᠵᡝᠰᡠ
elbembi, ᡝᠯᠪᡝᠮᠪᡳ
elben, ᡝᠯᠪᡝᠨ
elbihe, ᡝᠯᠪᡳᡥᡝ
elbišembi, ᡝᠯᠪᡳᡧᡝᠮᠪᡳ
elcin, ᡝᠯᠴᡳᠨ
elden, ᡝᠯᡩᡝᠨ
elu, ᡝᠯᡠ
eme, ᡝᠮᡝ
emeke, ᡝᠮᡝᡴᡝ
emgeri, ᡝᠮᡤᡝᡵᡳ
emhe, ᡝᠮᡥᡝ
emile, ᡝᠮᡳᠯᡝ
emte, ᡝᠮᡨᡝ
emu, ᡝᠮᡠ
endembi, ᡝᠨᡩᡝᠮᠪᡳ
enduri, ᡝᠨᡩᡠᡵᡳ
enen, ᡝᠨᡝᠨ
enenggi, ᡝᠨᡝᠩᡤᡳ
enggemu, ᡝᠩᡤᡝᠮᡠ
enihen, ᡝᠨᡳᡥᡝᠨ
eniye, ᡝᠨᡳᠶᡝ
eniyehen, ᡝᠨᡳᠶᡝᡥᡝᠨ
ercis, ᡝᡵᠴᡳᠰ
erde, ᡝᡵᡩᡝ
erdeni, ᡝᡵᡩᡝᠨᡳ
ere, ᡝᡵᡝ
erembi, ᡝᡵᡝᠮᠪᡳ
ergembi, ᡝᡵᡤᡝᠮᠪᡳ
ergen, ᡝᡵᡤᡝᠨ
erhe, ᡝᡵᡥᡝ
eriku, ᡝᡵᡳᡴᡠ
erimbi, ᡝᡵᡳᠮᠪᡳ
erin, ᡝᡵᡳᠨ
erku, ᡝᡵᡴᡠ
ertele, ᡝᡵᡨᡝᠯᡝ
erun, ᡝᡵᡠᠨ
eshen, ᡝᠰᡥᡝᠨ
eshun, ᡝᠰᡥᡠᠨ
esihe, ᡝᠰᡳᡥᡝ
etembi, ᡝᡨᡝᠮᠪᡳ
etuku, ᡝᡨᡠᡴᡠ
eye, ᡝᠶᡝ
eyembi, ᡝᠶᡝᠮᠪᡳ
eyen, ᡝᠶᡝᠨ
eyun, ᡝᠶᡠᠨ
fa, ᡶᠠ
facuhūn, ᡶᠠᠴᡠᡥᡡᠨ
fadu, ᡶᠠᡩᡠ
fafaha, ᡶᠠᡶᠠᡥᠠ
fafun, ᡶᠠᡶᡠᠨ
fahala, ᡶᠠᡥᠠᠯᠠ
fahambi, ᡶᠠᡥᠠᠮᠪᡳ
fahūn, ᡶᠠᡥᡡᠨ
faitan, ᡶᠠᡳᡨᠠᠨ
fajambi, ᡶᠠᠵᠠᠮᠪᡳ
fajan, ᡶᠠᠵᠠᠨ
fajiran, ᡶᠠᠵᡳᡵᠠᠨ
fajukū, ᡶᠠᠵᡠᡴᡡ
faksi, ᡶᠠᡴᠰᡳ
falan, ᡶᠠᠯᠠᠨ
falanggū, ᡶᠠᠯᠠᠩᡤᡡ
falasu, ᡶᠠᠯᠠᠰᡠ
falga, ᡶᠠᠯᡤᠠ
falu, ᡶᠠᠯᡠ
fangkala, ᡶᠠᠩᡴᠠᠯᠠ
fara, ᡶᠠᡵᠠ
farhūn, ᡶᠠᡵᡥᡡᠨ
fasimbi, ᡶᠠᠰᡳᠮᠪᡳ
fatan, ᡶᠠᡨᠠᠨ
fatha, ᡶᠠᡨᡥᠠ
fayangga, ᡶᠠᠶᠠᠩᡤᠠ
fe, ᡶᡝ
fecuhun, ᡶᡝᠴᡠᡥᡠᠨ
fefe, ᡶᡝᡶᡝ
fehi, ᡶᡝᡥᡳ
fehumbi, ᡶᡝᡥᡠᠮᠪᡳ
fei, ᡶᡝᡳ
feise, ᡶᡝᡳᠰᡝ
fejergi, ᡶᡝᠵᡝᡵᡤᡳ
fekcuhun, ᡶᡝᡴᠴᡠᡥᡠᠨ
feksimbi, ᡶᡝᡴᠰᡳᠮᠪᡳ
feliyembi, ᡶᡝᠯᡳᠶᡝᠮᠪᡳ
femen, ᡶᡝᠮᡝᠨ
feniyen, ᡶᡝᠨᡳᠶᡝᠨ
fere, ᡶᡝᡵᡝ
ferehe, ᡶᡝᡵᡝᡥᡝ
ferhe, ᡶᡝᡵᡥᡝ
fersi, ᡶᡝᡵᠰᡳ
feshelembi, ᡶᡝᠰᡥᡝᠯᡝᠮᠪᡳ
fesin, ᡶᡝᠰᡳᠨ
fetembi, ᡶᡝᡨᡝᠮᠪᡳ
feye, ᡶᡝᠶᡝ
fi, ᡶᡳ
ficakū, ᡶᡳᠴᠠᡴᡡ
fifan, ᡶᡳᡶᠠᠨ
fiktu, ᡶᡳᡴᡨᡠ
fila, ᡶᡳᠯᠠ
fili, ᡶᡳᠯᡳ
fioha, ᡶᡳᠣᡥᠠ
firgembi, ᡶᡳᡵᡤᡝᠮᠪᡳ
fisa, ᡶᡳᠰᠠ
fituhan, ᡶ᠋ᡳᡨᡠᡥᠠᠨ
fiya, ᡶᡳᠶᠠ
fiyakiyan, ᡶᡳᠶᠠᡴᡳᠶᠠᠨ
fiyaksa, ᡶᡳᠶᠠᡴᠰᠠ
fiyanarambi, ᡶᡳᠶᠠᠨᠠᡵᠠᠮᠪᡳ
fiyokon, ᡶᡳᠶᠣᡴᠣᠨ
fiyokorombi, ᡶᡳᠶᠣᡴᠣᡵᠣᠮᠪᡳ
fiyotombi, ᡶᡳᠶᠣᡨᠣᠮᠪᡳ
fodoho, ᡶᠣᡩᠣᡥᠣ
foholon, ᡶᠣᡥᠣᠯᠣᠨ
folge, ᡶᠣᠯᡤᡝ
folho, ᡶᠣᠯᡥᠣ
folombi, ᡶᠣᠯᠣᠮᠪᡳ
fomoci, ᡶᠣᠮᠣᠴᡳ
fon, ᡶᠣᠨ
fonjimbi, ᡶᠣᠨᠵᡳᠮᠪᡳ
fonjin, ᡶᠣᠨᠵᡳᠨ
forgon, ᡶᠣᡵᡤᠣᠨ
foron, ᡶᠣᡵᠣᠨ
foson, ᡶᠣᠰᠣᠨ
foyo, ᡶᠣᠶᠣ
foyoro, ᡶᠣᠶᠣᡵᠣ
fu, ᡶᡠ
fucihi, ᡶᡠᠴᡳᡥᡳ
fudambi, ᡶᡠᡩᠠᠮᠪᡳ
fudehe, ᡶᡠᡩᡝᡥᡝ
fudembi, ᡶᡠᡩᡝᠮᠪᡳ
fufumbi, ᡶᡠᡶᡠᠮᠪᡳ
fufun, ᡶᡠᡶᡠᠨ
fugiyan, ᡶᡠᡤᡳᠶᠠᠨ
fulahūn, ᡶᡠᠯᠠᡥᡡᠨ
fulcin, ᡶᡠᠯᠴᡳᠨ
fulehe, ᡶᡠᠯᡝᡥᡝ
fulenggi, ᡶᡠᠯᡝᠩᡤᡳ
fulgiyan, ᡶᡠᠯᡤᡳᠶᠠᠨ
fulgiyembi, ᡶᡠᠯᡤᡳᠶᡝᠮᠪᡳ
fulha, ᡶᡠᠯᡥᠠ
fulhū, ᡶᡠᠯᡥᡡ
fun, ᡶᡠᠨ
fung, ᡶᡠᠩ
funggaha, ᡶᡠᠩᡤᠠᡥᠠ
fungku, ᡶᡠᠩᡴᡠ
funglu, ᡶᡠᠩᠯᡠ
funiyehe, ᡶᡠᠨᡳᠶᡝᡥᡝ
furdan, ᡶᡠᡵᡩᠠᠨ
furgin, ᡶᡠᡵᡤᡳᠨ
furgisu, ᡶ᠋ᡠᡵᡤᡳᠰᡠ
furimbi, ᡶᡠᡵᡳᠮᠪᡳ
fursun, ᡶᡠᡵᠰᡠᠨ
furumbi, ᡶᡠᡵᡠᠮᠪᡳ
fusa, ᡶᡠᠰᠠ
fuseli, ᡶᡠᠰᡝᠯᡳ
fusembi, ᡶᡠᠰᡝᠮᠪᡳ
fusheku, ᡶᡠᠰᡥᡝᡴᡠ
fushembi, ᡶᡠᠰᡥᡝᠮᠪᡳ
fusimbi, ᡶᡠᠰᡳᠮᠪᡳ
fusuku, ᡶᡠᠰᡠᡴᡠ
fusumbi, ᡶᡠᠰᡠᠮᠪᡳ
futa, ᡶᡠᡨᠠ
fuyembi, ᡶᡠᠶᡝᠮᠪᡳ
f᠋useri, ᡶ᠋ᡠᠰᡝᡵᡳ
g'alab, ᡬᠠᠯᠠᠪ
g'an, ᡬᠠᠨ
g'andze, ᡬᠠᠨᡯᡝ
gaha, ᡤᠠᡥᠠ
gaimbi, ᡤᠠᡳᠮᠪᡳ
gala, ᡤᠠᠯᠠ
galga, ᡤᠠᠯᡤᠠ
galgan, ᡤᠠᠯᡤᠠᠨ
galman, ᡤᠠᠯᠮᠠᠨ
gar, ᡤᠠᡵ
gardambi, ᡤᠠᡵᡩᠠᠮᠪᡳ
gargan, ᡤᠠᡵᡤᠠᠨ
garu, ᡤᠠᡵᡠ
garudai, ᡤᠠᡵᡠᡩᠠᡳ
gasacun, ᡤᠠᠰᠠᠴᡠᠨ
gasambi, ᡤᠠᠰᠠᠮᠪᡳ
gasha, ᡤᠠᠰᡥᠠ
gašan, ᡤᠠᡧᠠᠨ
ge, ᡤᡝ
gebu, ᡤᡝᠪᡠ
gecembi, ᡤᡝᠴᡝᠮᠪᡳ
gecen, ᡤᡝᠴᡝᠨ
gefehe, ᡤᡝᡶᡝᡥᡝ
gege, ᡤᡝᡤᡝ
gehun, ᡤᡝᡥᡠᠨ
geli, ᡤᡝᠯᡳ
gemun, ᡤᡝᠮᡠᠨ
genggiyen, ᡤᡝᠩᡤᡳᠶᡝᠨ
geren, ᡤᡝᡵᡝᠨ
gersi, ᡤᡝᡵᠰᡳ
gerudei, ᡤᡝᡵᡠᡩᡝᡳ
getembi, ᡤᡝᡨᡝᠮᠪᡳ
gida, ᡤᡳᡩᠠ
gilahūn, ᡤᡳᠯᠠᡥᡡᠨ
gio, ᡤᡳᠣ
giohambi, ᡤᡳᠣᡥᠠᠮᠪᡳ
giohoto, ᡤᡳᠣᡥᠣᡨᠣ
gioi, ᡤᡳᠣᡳ
gioro, ᡤᡳᠣᡵᠣ
giowan, ᡤᡳᠣᠸᠠᠨ
giran, ᡤᡳᡵᠠᠨ
giranggi, ᡤᡳᡵᠠᠩᡤᡳ
girimbi, ᡤᡳᡵᡳᠮᠪᡳ
girin, ᡤᡳᡵᡳᠨ
girucun, ᡤᡳᡵᡠᠴᡠᠨ
gise, ᡤᡳᠰᡝ
gisun, ᡤᡳᠰᡠᠨ
gisurecembi, ᡤᡳᠰᡠᡵᡝᠴᡝᠮᠪᡳ
gisurehe, ᡤᡳᠰᡠᡵᡝᡥᡝ
gisurembi, ᡤᡳᠰᡠᡵᡝᠮᠪᡳ
gisurere, ᡤᡳᠰᡠᡵᡝᡵᡝ
giya, ᡤᡳᠶᠠ
giyahūn, ᡤᡳᠶᠠᡥᡡᠨ
giyai, ᡤᡳᠶᠠᡳ
giyamun, ᡤᡳᠶᠠᠮᡠᠨ
giyangsu, ᡤᡳᠶᠠᠩᠰᡠ
gobi, ᡤᠣᠪᡳ
gohon, ᡤᠣᡥᠣᠨ
goidambi, ᡤᠣᡳᡩᠠᠮᠪᡳ
golmin, ᡤᠣᠯᠮᡳᠨ
golo, ᡤᠣᠯᠣ
goro, ᡤᠣᡵᠣ
goroki, ᡤᠣᡵᠣᡴᡳ
gosihon, ᡤᠣᠰᡳᡥᠣᠨ
gu, ᡤᡠ
gucu, ᡤᡠᠴᡠ
gufu, ᡤᡠᡶᡠ
guigu, ᡤᡠᡳᡤᡠ
guilehe, ᡤᡠᡳᠯᡝᡥᡝ
gung, ᡤᡠᠩ
gungge, ᡤᡠᠩᡤᡝ
gungheg'o, ᡤᡠᠩᡥᡝᡬᠣ
gungju, ᡤᡠᠩᠵᡠ
gurgu, ᡤᡠᡵᡤᡠ
gurjen, ᡤᡠᡵᠵᡝᠨ
gurun, ᡤᡠᡵᡠᠨ
gurung, ᡤᡠᡵᡠᠩ
guwangdung, ᡤᡠᠸᠠᠩᡩᡠᠩ
guwangsi, ᡤᡠᠸᠠᠩᠰᡳ
guwejihe, ᡤᡠᠸᡝᠵᡳᡥᡝ
guweleku, ᡤᡠᠸᡝᠯᡝᡴᡠ
guye, ᡤᡠᠶᡝ
gūca, ᡤᡡᠴᠠ
gūlha, ᡤᡡᠯᡥᠠ
gūlmahūn, ᡤᡡᠯᠮᠠᡥᡡᠨ
gūngkan, ᡤᡡᠩᡴᠠᠨ
gūnimbi, ᡤᡡᠨᡳᠮᠪᡳ
gūnin, ᡤᡡᠨᡳᠨ
gūsa, ᡤᡡᠰᠠ
gūsici, ᡤᡡᠰᡳᠴᡳ
gūsin, ᡤᡡᠰᡳᠨ
gūsinggeri, ᡤᡡᠰᡳᠩᡤᡝᡵᡳ
gūwa, ᡤᡡᠸᠠ
gūwabsi, ᡤᡡᠸᠠᠪᠰᡳ
gūwalgiya, ᡤᡡᠸᠠᠯᡤᡳᠶᠠ
gūwambi, ᡤᡡᠸᠠᠮᠪᡳ
habgiyambi, ᡥᠠᠪᡤᡳᠶᠠᠮᠪᡳ
habšambi, ᡥᠠᠪᡧᠠᠮᠪᡳ
hacin, ᡥᠠᠴᡳᠨ
hadala, ᡥᠠᡩᠠᠯᠠ
hadufun, ᡥᠠᡩᡠᡶᡠᠨ
hafan, ᡥᠠᡶᠠᠨ
haha, ᡥᠠᡥᠠ
haidambi, ᡥᠠᡳᡩᠠᠮᠪᡳ
haihū, ᡥᠠᡳᡥᡡ
hailan, ᡥᠠᡳᠯᠠᠨ
hailun, ᡥᠠᡳᠯᡠᠨ
haksan, ᡥᠠᡴᠰᠠᠨ
hala, ᡥᠠᠯᠠ
halan, ᡥᠠᠯᠠᠨ
halba, ᡥᠠᠯᠪᠠ
halbak, ᡥᠠᠯᠪᠠᡴ
halbin, ᡥᠠᠯᠪᡳᠨ
halhūn, ᡥᠠᠯᡥᡡᠨ
hami, ᡥᠠᠮᡳ
hamtambi, ᡥᠠᠮᡨᠠᠮᠪᡳ
hamu, ᡥᠠᠮᡠ
han, ᡥᠠᠨ
hanci, ᡥᠠᠨᠴᡳ
handu, ᡥᠠᠨᡩᡠ
hangse, ᡥᠠᠩᠰᡝ
hangsi, ᡥᠠᠩᠰᡳ
hara, ᡥᠠᡵᠠ
harbin, ᡥᠠᡵᠪᡳᠨ
hardakū, ᡥᠠᡵᡩᠠᡴᡡ
hargašambi, ᡥᠠᡵᡤᠠᡧᠠᠮᠪᡳ
hargašan, ᡥᠠᡵᡤᠠᡧᠠᠨ
harsa, ᡥᠠᡵᠰᠠ
hasaha, ᡥᠠᠰᠠᡥᠠ
hasak, ᡥᠠᠰᠠᡴ
hashū, ᡥᠠᠰᡥᡡ
hasi, ᡥᠠᠰᡳ
hasihar, ᡥᠠᠰᡳᡥᠠᡵ
hatuhūn, ᡥᠠᡨᡠᡥᡡᠨ
hayan, ᡥᠠᠶᠠᠨ
haša, ᡥᠠᡧᠠ
hašu, ᡥᠠᡧᡠ
hecen, ᡥᡝᠴᡝᠨ
hefeli, ᡥᡝᡶᡝᠯᡳ
hehe, ᡥᡝᡥᡝ
heliyen, ᡥᡝᠯᡳᠶᡝᠨ
helmehen, ᡥᡝᠯᠮᡝᡥᡝᠨ
helmen, ᡥᡝᠯᠮᡝᠨ
hendumbi, ᡥᡝᠨᡩᡠᠮᠪᡳ
hengke, ᡥᡝᠩᡴᡝ
hergen, ᡥᡝᡵᡤᡝᠨ
heristos, ᡥᡝᡵᡳᠰᡨᠣᠰ
herulun, ᡥᡝᡵᡠᠯᡠᠨ
hese, ᡥᡝᠰᡝ
hetu, ᡥᡝᡨᡠ
heye, ᡥᡝᠶᡝ
hešen, ᡥᡝᡧᡝᠨ
hešu, ᡥᡝᡧᡠ
hi, ᡥᡳ
hibsu, ᡥᡳᠪᠰᡠ
hinggan, ᡥᡳᠩᡤᠠᠨ
hirambi, ᡥᡳᡵᠠᠮᠪᡳ
hise, ᡥᡳᠰᡝ
hitahūn, ᡥᡳᡨᠠᡥᡡᠨ
hithen, ᡥᡳᡨᡥᡝᠨ
hiyang, ᡥᡳᠶᠠᠩ
hiyangci, ᡥᡳᠶᠠᠩᠴᡳ
hiyese, ᡥᡳᠶᡝᠰᡝ
ho, ᡥᠣ
hobo, ᡥᠣᠪᠣ
hocikon, ᡥᠣᠴᡳᡴᠣᠨ
hofun, ᡥᠣᡶᡠᠨ
hoise, ᡥᠣᡳᠰᡝ
hojihon, ᡥᠣᠵᡳᡥᠣᠨ
hoki, ᡥᠣᡴᡳ
holbon, ᡥᠣᠯᠪᠣᠨ
holhon, ᡥᠣᠯᡥᠣᠨ
holo, ᡥᠣᠯᠣ
homin, ᡥᠣᠮᡳᠨ
honan, ᡥᠣᠨᠠᠨ
hong, ᡥᠣᠩ
honin, ᡥᠣᠨᡳᠨ
hoošan, ᡥᠣᠣᡧᠠᠨ
horho, ᡥᠣᡵᡥᠣ
horin, ᡥᠣᡵᡳᠨ
hoseri, ᡥᠣᠰᡝᡵᡳ
hoto, ᡥᠣᡨᠣ
hoton, ᡥᠣᡨᠣᠨ
hot᠋on, ᡥᠣᡨ᠋ᠣᠨ
huhu, ᡥᡠᡥᡠ
huhun, ᡥᡠᡥᡠᠨ
hujuku, ᡥᡠᠵᡠᡴᡠ
hulun, ᡥᡠᠯᡠᠨ
huncun, ᡥᡠᠨᠴᡠᠨ
hunio, ᡥᡠᠨᡳᠣ
huren, ᡥᡠᡵᡝᠨ
huru, ᡥᡠᡵᡠ
hutu, ᡥᡠᡨᡠ
huwesi, ᡥᡠᠸᡝᠰᡳ
huwethi, ᡥᡠᠸᡝᡨᡥᡳ
huwešen, ᡥᡠᠸᡝᡧᡝᠨ
hū, ᡥᡡ
hūbarak, ᡥᡡᠪᠠᡵᠠᡴ
hūbe, ᡥᡡᠪᡝ
hūbilgan, ᡥᡡᠪᡳᠯᡤᠠᠨ
hūcin, ᡥᡡᠴᡳᠨ
hūda, ᡥᡡᡩᠠ
hūdun, ᡥᡡᡩᡠᠨ
hūi, ᡥᡡᡳ
hūlan, ᡥᡡᠯᠠᠨ
hūlhatu, ᡥᡡᠯᡥᠠᡨᡠ
hūnan, ᡥᡡᠨᠠᠨ
hūntahan, ᡥᡡᠨᡨᠠᡥᠠᠨ
hūrhan, ᡥᡡᡵᡥᠠᠨ
hūri, ᡥᡡᡵᡳ
hūsihan, ᡥᡡᠰᡳᡥᠠᠨ
hūsuri, ᡥᡡᠰᡠᡵᡳ
hūwa, ᡥᡡᠸᠠ
hūwai, ᡥᡡᠸᠠᡳ
hūwajiyoo, ᡥᡡᠸᠠᠵᡳᠶᠣᠣ
hūwaliyambi, ᡥᡡᠸᠠᠯᡳᠶᠠᠮᠪᡳ
hūwang, ᡥᡡᠸᠠᠩ
hūwangdi, ᡥᡡᠸᠠᠩᡩᡳ
hūwangheo, ᡥᡡᠸᠠᠩᡥᡝᠣ
hūwašambi, ᡥᡡᠸᠠᡧᠠᠮᠪᡳ
hūwašan, ᡥᡡᠸᠠᡧᠠᠨ
hūšaju, ᡥᡡᡧᠠᠵᡠ
i, ᡳ
ibiyaha, ᡳᠪᡳᠶᠠᡥᠠ
ibiyambi, ᡳᠪᡳᠶᠠᠮᠪᡳ
ice, ᡳᠴᡝ
iceku, ᡳᠴᡝᡴᡠ
icembi, ᡳᠴᡝᠮᠪᡳ
ici, ᡳᠴᡳ
ihan, ᡳᡥᠠᠨ
ihasi, ᡳᡥᠠᠰᡳ
ijifun, ᡳᠵᡳᡶᡠᠨ
ijimbi, ᡳᠵᡳᠮᠪᡳ
ikiri, ᡳᡴᡳᡵᡳ
ikūrsun, ᡳᡴᡡᡵᠰᡠᠨ
ilaci, ᡳᠯᠠᠴᡳ
ilan, ᡳᠯᠠᠨ
ilanggeri, ᡳᠯᠠᠩᡤᡝᡵᡳ
ilanofi, ᡳᠯᠠᠨᠣᡶᡳ
ildun, ᡳᠯᡩᡠᠨ
ildunde, ᡳᠯᡩᡠᠨᡩᡝ
ilembi, ᡳᠯᡝᠮᠪᡳ
ilenggu, ᡳᠯᡝᠩᡤᡠ
ilga, ᡳᠯᡤᠠ
ilgambi, ᡳᠯᡤᠠᠮᠪᡳ
ilge᠋, ᡳᠯᡤᡝ᠋
ilha, ᡳᠯᡥᠠ
ili, ᡳᠯᡳ
ilimbi, ᡳᠯᡳᠮᠪᡳ
ilmaha, ᡳᠯᠮᠠᡥᠠ
ilmun, ᡳᠯᠮᡠᠨ
imahū, ᡳᠮᠠᡥᡡ
imbe, ᡳᠮᠪᡝ
imenggi, ᡳᠮᡝᠩᡤᡳ
ina, ᡳᠨᠠ
inci, ᡳᠨᠴᡳ
indahūn, ᡳᠨᡩᠠᡥᡡᠨ
inde, ᡳᠨᡩᡝ
inenggi, ᡳᠨᡝᠩᡤᡳ
ingtori, ᡳᠩᡨᠣᡵᡳ
ini, ᡳᠨᡳ
injaha, ᡳᠨᠵᠠᡥᠠ
injeku, ᡳᠨᠵᡝᡴᡠ
injembi, ᡳᠨᠵᡝᠮᠪᡳ
inu, ᡳᠨᡠ
ira, ᡳᡵᠠ
irgen, ᡳᡵᡤᡝᠨ
ise, ᡳᠰᡝ
iseleku, ᡳᠰᡝᠯᡝᡴᡠ
isheliyen, ᡳᠰᡥᡝᠯᡳᠶᡝᠨ
isimbi, ᡳᠰᡳᠮᠪᡳ
isinaha, ᡳᠰᡳᠨᠠᡥᠠ
isinambi, ᡳᠰᡳᠨᠠᠮᠪᡳ
isinara, ᡳᠰᡳᠨᠠᡵᠠ
isitala, ᡳᠰᡳᡨᠠᠯᠠ
isus, ᡳᠰᡠᠰ
ja, ᠵᠠ
jabjan, ᠵᠠᠪᠵᠠᠨ
jafambi, ᠵᠠᡶᠠᠮᠪᡳ
jahari, ᠵᠠᡥᠠᡵᡳ
jai, ᠵᠠᡳ
jaici, ᠵᠠᡳᠴᡳ
jaka, ᠵᠠᡴᠠ
jakade, ᠵᠠᡴᠠᡩᡝ
jakdan, ᠵᠠᡴᡩᠠᠨ
jaksan, ᠵᠠᡴᠰᠠᠨ
jakūci, ᠵᠠᡴᡡᠴᡳ
jakūn, ᠵᠠᡴᡡᠨ
jakūnggeri, ᠵᠠᡴᡡᠩᡤᡝᡵᡳ
jakūnju, ᠵᠠᡴᡡᠨᠵᡠ
jakūta, ᠵᠠᡴᡡᡨᠠ
jalahi, ᠵᠠᠯᠠᡥᡳ
jalan, ᠵᠠᠯᠠᠨ
jalu, ᠵᠠᠯᡠ
jamu, ᠵᠠᠮᡠ
jamuri, ᠵᠠᠮᡠᡵᡳ
jancuhūn, ᠵᠠᠨᠴᡠᡥᡡᠨ
jancuhūnje, ᠵᠠᠨᠴᡠᡥᡡᠨᠵᡝ
jang, ᠵᠠᠩ
janggin, ᠵᠠᠩᡤᡳᠨ
jangju, ᠵᠠᠩᠵᡠ
jargima, ᠵᠠᡵᡤᡳᠮᠠ
jarhū, ᠵᠠᡵᡥᡡ
jase, ᠵᠠᠰᡝ
je, ᠵᡝ
jecen, ᠵᡝᠴᡝᠨ
jegiyang, ᠵᡝᡤᡳᠶᠠᠩ
jeje, ᠵᡝᠵᡝ
jeku, ᠵᡝᡴᡠ
jelu, ᠵᡝᠯᡠ
jembi, ᠵᡝᠮᠪᡳ
jempin, ᠵᡝᠮᡦᡳᠨ
jerde, ᠵᡝᡵᡩᡝ
jeren, ᠵᡝᡵᡝᠨ
jeyen, ᠵᡝᠶᡝᠨ
jey᠋elembi, ᠵᡝᠶ᠋ᡝᠯᡝᠮᠪᡳ
jibehun, ᠵᡳᠪᡝᡥᡠᠨ
jidere, ᠵᡳᡩᡝᡵᡝ
jiha, ᠵᡳᡥᠠ
jijumbi, ᠵᡳᠵᡠᠮᠪᡳ
jijun, ᠵᡳᠵᡠᠨ
jilan, ᠵᡳᠯᠠᠨ
jilgan, ᠵᡳᠯᡤᠠᠨ
jilha, ᠵᡳᠯᡥᠠ
jimbi, ᠵᡳᠮᠪᡳ
jin, ᠵᡳᠨ
jing, ᠵᡳᠩ
jingse, ᠵᡳᠩᠰᡝ
jinjaha, ᠵᡳᠨᠵᠠᡥᠠ
jio, ᠵᡳᠣ
jiramin, ᠵᡳᡵᠠᠮᡳᠨ
jiyanggiyūn, ᠵᡳᠶᠠᠩᡤᡳᠶᡡᠨ
johombi, ᠵᠣᡥᠣᠮᠪᡳ
jolo, ᠵᠣᠯᠣ
joo, ᠵᠣᠣ
jorgon, ᠵᠣᡵᡤᠣᠨ
juciba, ᠵᡠᠴᡳᠪᠠ
juculembi, ᠵᡠᠴᡠᠯᡝᠮᠪᡳ
jucun, ᠵᡠᠴᡠᠨ
jugūn, ᠵᡠᡤᡡᠨ
juhe, ᠵᡠᡥᡝ
jui, ᠵᡠᡳ
juktehen, ᠵᡠᡴᡨᡝᡥᡝᠨ
juktembi, ᠵᡠᡴᡨᡝᠮᠪᡳ
julergi, ᠵᡠᠯᡝᡵᡤᡳ
jun, ᠵᡠᠨ
jung, ᠵᡠᠩ
juraka, ᠵᡠᡵᠠᡴᠠ
jurambi, ᠵᡠᡵᠠᠮᠪᡳ
jursu, ᠵᡠᡵᠰᡠ
juse, ᠵᡠᠰᡝ
juseki, ᠵᡠᠰᡝᡴᡳ
juwali, ᠵᡠᠸᠠᠯᡳ
juwan, ᠵᡠᠸᠠᠨ
juwanci, ᠵᡠᠸᠠᠨᠴᡳ
juwanggeri, ᠵᡠᠸᠠᠩᡤᡝᡵᡳ
juwari, ᠵᡠᠸᠠᡵᡳ
juwe, ᠵᡠᠸᡝ
juweci, ᠵᡠᠸᡝᠴᡳ
juwedembi, ᠵᡠᠸᡝᡩᡝᠮᠪᡳ
juwembi, ᠵᡠᠸᡝᠮᠪᡳ
juwenggeri, ᠵᡠᠸᡝᠩᡤᡝᡵᡳ
juwenofi, ᠵᡠᠸᡝᠨᠣᡶᡳ
juwere, ᠵᡠᠸᡝᡵᡝ
juwerge, ᠵᡠᠸᡝᡵᡤᡝ
juwete, ᠵᡠᠸᡝᡨᡝ
jušen, ᠵᡠᡧᡝᠨ
jušuhun, ᠵᡠᡧᡠᡥᡠᠨ
jušun, ᠵᡠᡧᡠᠨ
jušuru, ᠵᡠᡧᡠᡵᡠ
jyhiyan, ᡷᡳᡥᡳᠶᠠᠨ
jyli, ᡷᠶᠯᡳ
kaba, ᡴᠠᠪᠠ
kadalambi, ᡴᠠᡩᠠᠯᠠᠮᠪᡳ
kadalara, ᡴᠠᡩᠠᠯᠠᡵᠠ
kai᠌lar, ᡴᠠᡳ᠌ᠯᠠᡵ
kakiri, ᡴᠠᡴᡳᡵᡳ
kalka, ᡴᠠᠯᡴᠠ
kandahan, ᡴᠠᠨᡩᠠᡥᠠᠨ
kangkambi, ᡴᠠᠩᡴᠠᠮᠪᡳ
kangsiri, ᡴᠠᠩᠰᡳᡵᡳ
kani, ᡴᠠᠨᡳ
kanjidu, ᡴᠠᠨᠵᡳᡩᡠ
kara, ᡴᠠᡵᠠ
karkambi, ᡴᠠᡵᡴᠠᠮᠪᡳ
karmani, ᡴᠠᡵᠮᠠᠨᡳ
kasigar, ᡴᠠᠰᡳᡤᠠᡵ
katuri, ᡴᠠᡨᡠ᠋ᡵᡳ
keke, ᡴᡝᡴᡝ
keo, ᡴᡝᠣ
kesike, ᡴᡝᠰᡳᡴᡝ
kin, ᡴᡳᠨ
kinumbi, ᡴᡳᠨᡠᠮᠪᡳ
kio, ᡴᡳᠣ
kirsa, ᡴᡳᡵᠰᠠ
kiru, ᡴᡳᡵᡠ
kiyeo, ᡴᡳᠶᡝᠣ
koki, ᡴᠣᡴᡳ
komso, ᡴᠣᠮᠰᠣ
konggoro, ᡴᠣᠩᡤᠣᡵᠣ
kooli, ᡴᠣᠣᠯᡳ
korcin, ᡴᠣᡵᠴᡳᠨ
kubu, ᡴᡠᠪᡠ
kubun, ᡴᡠᠪᡠᠨ
kuburhen, ᡴᡠᠪᡠᡵᡥᡝᠨ
kuitun, ᡴᡠᡳᡨᡠᠨ
kuku, ᡴᡠᡴᡠ
kumun, ᡴᡠᠮᡠᠨ
kungdzi, ᡴᡠᠩᡯᡳ
kurume, ᡴᡠᡵᡠᠮᡝ
kusugel, ᡴᡠᠰᡠᡤᡝᠯ
kuwecihe, ᡴᡠᠸᡝᠴᡳᡥᡝ
kušun, ᡴᡠᡧᡠᠨ
kūca, ᡴᡡᠴᠠ
kūrambi, ᡴᡡᡵᠠᠮᠪᡳ
kūtan, ᡴᡡᡨᠠᠨ
laba, ᠯᠠᠪᠠ
labdu, ᠯᠠᠪᡩᡠ
lakcaha, ᠯᠠᡴᠴᠠᡥᠠ
lakcambi, ᠯᠠᡴᠴᠠᠮᠪᡳ
lakiyambi, ᠯᠠᡴᡳᠶᠠᠮᠪᡳ
lala, ᠯᠠᠯᠠ
lama, ᠯᠠᠮᠠ
lamai, ᠯᠠᠮᠠᡳ
lampa, ᠯᠠᠮᡦᠠ
lamukan, ᠯᠠᠮᡠᡴᠠᠨ
lamun, ᠯᠠᠮᡠᠨ
langgū, ᠯᠠᠩᡤᡡ
langlai, ᠯᠠᠩᠯᠠᡳ
langtu, ᠯᠠᠩᡨᡠ
larhūn, ᠯᠠᡵᡥᡡᠨ
lefu, ᠯᡝᡶᡠ
leli, ᠯᡝᠯᡳ
li, ᠯᡳ
lifahan, ᠯᡳᡶᠠᡥᠠᠨ
lii, ᠯᡳᡳ
lio, ᠯᡳᠣ
liokio, ᠯᡳᠣᡴᡳᠣ
liyan, ᠯᡳᠶᠠᠨ
liyeliyembi, ᠯᡳᠶᡝᠯᡳᠶᡝᠮᠪᡳ
loho, ᠯᠣᡥᠣ
lorin, ᠯᠣᡵᡳᠨ
lunggu, ᠯᡠᠩᡤᡠ
mabu, ᠮᠠᠪᡠ
mabulambi, ᠮᠠᠪᡠᠯᠠᠮᠪᡳ
madagan, ᠮᠠᡩᠠᡤᠠᠨ
madasu, ᠮᠠᡩᠠᠰᡠ
mafa, ᠮᠠᡶᠠ
mafuta, ᠮᠠᡶᡠᡨᠠ
mahala, ᠮᠠᡥᠠᠯᠠ
mailasun, ᠮᠠᡳᠯᠠᠰᡠᠨ
maiman, ᠮᠠᡳᠮᠠᠨ
maise, ᠮᠠᡳᠰᡝ
mala, ᠮᠠᠯᠠ
malahi, ᠮᠠᠯᠠᡥᡳ
malanggū, ᠮᠠᠯᠠᠩᡤᡡ
malu, ᠮᠠᠯᡠ
mama, ᠮᠠᠮᠠ
mamgiya, ᠮᠠᠮᡤᡳᠶᠠ
mamgiyambi, ᠮᠠᠮᡤᡳᠶᠠᠮᠪᡳ
manda, ᠮᠠᠨᡩᠠ
mangga, ᠮᠠᠩᡤᠠ
manju, ᠮᠠᠨᠵᡠ
manjurambi, ᠮᠠᠨᠵᡠᡵᠠᠮᠪᡳ
mase, ᠮᠠᠰᡝ
mayan, ᠮᠠᠶᠠᠨ
me, ᠮᡝ
mede, ᠮᡝᡩᡝ
mederi, ᠮᡝᡩᡝᡵᡳ
megu, ᠮᡝᡤᡠ
mehejen, ᠮᡝᡥᡝᠵᡝᠨ
mehen, ᠮᡝᡥᡝᠨ
meifen, ᠮᡝᡳᡶᡝᠨ
meihe, ᠮᡝᡳᡥᡝ
meihetu, ᠮᡝᡳᡥᡝᡨᡠ
meiren, ᠮᡝᡳᡵᡝᠨ
meitembi, ᠮᡝᡳᡨᡝᠮᠪᡳ
mei᠌he, ᠮᡝᡳ᠌ᡥᡝ
mekele, ᠮᡝᡴᡝᠯᡝ
melbimbi, ᠮᡝᠯᠪᡳᠮᠪᡳ
melembi, ᠮᡝᠯᡝᠮᠪᡳ
membe, ᠮᡝᠮᠪᡝ
menci, ᠮᡝᠨᠴᡳ
mende, ᠮᡝᠨᡩᡝ
mene, ᠮᡝᠨᡝ
menggun, ᠮᡝᠩᡤᡠᠨ
meni, ᠮᡝᠨᡳ
mentu, ᠮᡝᠨᡨᡠ
mere, ᠮᡝᡵᡝ
mersen, ᠮᡝᡵᠰᡝᠨ
meye, ᠮᡝᠶᡝ
micihiyan, ᠮᡳᠴᡳᡥᡳᠶᠠᠨ
micumbi, ᠮᡳᠴᡠᠮᠪᡳ
midaha, ᠮᡳᡩᠠᡥᠠ
mihan, ᠮᡳᡥᠠᠨ
mimbe, ᠮᡳᠮᠪᡝ
min, ᠮᡳᠨ
minci, ᠮᡳᠨᠴᡳ
minde, ᠮᡳᠨᡩᡝ
ming, ᠮᡳᠩ
minggan, ᠮᡳᠩᡤᠠᠨ
mini, ᠮᡳᠨᡳ
miningge, ᠮᡳᠨᡳᠩᡤᡝ
misun, ᠮᡳᠰᡠᠨ
miyahū, ᠮᡳᠶᠠᡥᡡ
miyoocan, ᠮᡳᠶᠣᠣᠴᠠᠨ
modo, ᠮᠣᡩᠣ
monggo, ᠮᠣᠩᡤᠣ
monggon, ᠮᠣᠩᡤᠣᠨ
monggoso, ᠮᠣᠩᡤᠣᠰᠣ
monggū, ᠮᠣᠩᡤᡡ
monio, ᠮᠣᠨᡳᠣ
moo, ᠮᠣᠣ
morin, ᠮᠣᡵᡳᠨ
morisa, ᠮᠣᡵᡳᠰᠠ
moro, ᠮᠣᡵᠣ
morombi, ᠮᠣᡵᠣᠮᠪᡳ
mosk'owa, ᠮᠣᠰᠺᠣᠸᠠ
mucen, ᠮᡠᠴᡝᠨ
mucu, ᠮᡠᠴᡠ
muduri, ᠮᡠᡩᡠᡵᡳ
mudu᠋ri, ᠮᡠᡩᡠ᠋ᡵᡳ
muhan, ᠮᡠᡥᠠᠨ
muhu, ᠮᡠᡥᡠ
muji, ᠮᡠᠵᡳ
mujuhu, ᠮᡠᠵᡠᡥᡠ
mukden, ᠮᡠᡴᡩᡝᠨ
muke, ᠮᡠᡴᡝ
mukūn, ᠮᡠᡴᡡᠨ
mulan, ᠮᡠᠯᠠᠨ
mulu, ᠮᡠᠯᡠ
mumuhu, ᠮᡠᠮᡠᡥᡠ
munggan, ᠮᡠᠩᡤᠠᠨ
mursa, ᠮᡠᡵᠰᠠ
muse, ᠮᡠᠰᡝ
musebe, ᠮᡠᠰᡝᠪᡝ
museci, ᠮᡠᠰᡝᠴᡳ
musede, ᠮᡠᠰᡝᡩᡝ
musei, ᠮᡠᠰᡝᡳ
muwa, ᠮᡠᠸᠠ
muyari, ᠮᡠᠶᠠᡵᡳ
na, ᠨᠠ
naca, ᠨᠠᠴᠠ
nacihiyambi, ᠨᠠᠴᡳᡥᡳᠶᠠᠮᠪᡳ
nadaci, ᠨᠠᡩᠠᠴᡳ
nadan, ᠨᠠᡩᠠᠨ
nadanggeri, ᠨᠠᡩᠠᠩᡤᡝᡵᡳ
nadanju, ᠨᠠᡩᠠᠨᠵᡠ
nadata, ᠨᠠᡩᠠᡨᠠ
nahan, ᠨᠠᡥᠠᠨ
nainai, ᠨᠠᡳᠨᠠᡳ
nai᠌hūmbi, ᠨᠠᡳ᠌ᡥᡡᠮᠪᡳ
nakcu, ᠨᠠᡴᠴᡠ
nama, ᠨᠠᠮᠠ
namakū, ᠨᠠᠮᠠᡴᡡ
namkū, ᠨᠠᠮᡴᡡ
namu, ᠨᠠᠮᡠ
namun, ᠨᠠᠮᡠᠨ
nan, ᠨᠠᠨ
narhūn, ᠨᠠᡵᡥᡡᠨ
nasambi, ᠨᠠᠰᠠᠮᠪᡳ
naya, ᠨᠠᠶᠠ
nece, ᠨᡝᠴᡝ
nei, ᠨᡝᡳ
nekcu, ᠨᡝᡴᠴᡠ
nekeliyen, ᠨᡝᡴᡝᠯᡳᠶᡝᠨ
neku, ᠨᡝᡴᡠ
nemerhen, ᠨᡝᠮᡝᡵᡥᡝᠨ
nemerku, ᠨᡝᠮᡝᡵᡴᡠ
nemeyen, ᠨᡝᠮᡝᠶᡝᠨ
nemu, ᠨᡝᠮᡠ
nergi, ᠨᡝᡵᡤᡳ
neye, ᠨᡝᠶᡝ
ni, ᠨᡳ
nibcu, ᠨᡳᠪᠴᡠ
nicuhe, ᠨᡳᠴᡠᡥᡝ
nikan, ᠨᡳᡴᠠᠨ
nikeku, ᠨᡳᡴᡝᡴᡠ
nimaha, ᠨᡳᠮᠠᡥᠠ
nimalan, ᠨᡳᠮᠠᠯᠠᠨ
niman, ᠨᡳᠮᠠᠨ
nimanggi, ᠨᡳᠮᠠᠩᡤᡳ
nimeku, ᠨᡳᠮᡝᡴᡠ
nimenggi, ᠨᡳᠮᡝᠩᡤᡳ
ninggiya, ᠨᡳᠩᡤᡳᠶᠠ
ninggu, ᠨᡳᠩᡤᡠ
ningguci, ᠨᡳᠩᡤᡠᠴᡳ
ninggun, ᠨᡳᠩᡤᡠᠨ
ninggunggeri, ᠨᡳᠩᡤᡠᠩᡤᡝᡵᡳ
ningguta, ᠨᡳᠩᡤᡠᡨᠠ
ninggute, ᠨᡳᠩᡤᡠᡨᡝ
ninju, ᠨᡳᠨᠵᡠ
niohe, ᠨᡳᠣᡥᡝ
niohon, ᠨᡳᠣᡥᠣᠨ
niolhun, ᠨᡳᠣᠯᡥᡠᠨ
niongniyaha, ᠨᡳᠣᠩᠨᡳᠶᠠᡥᠠ
nionio, ᠨᡳᠣᠨᡳᠣ
nioron, ᠨᡳᠣᡵᠣᠨ
niowanggiyan, ᠨᡳᠣᠸᠠᠩᡤᡳᠶᠠᠨ
niru, ᠨᡳᡵᡠ
nirugan, ᠨᡳᡵᡠᡤᠠᠨ
nirumbi, ᠨᡳᡵᡠᠮᠪᡳ
nitan, ᠨᡳᡨᠠᠨ
niyahan, ᠨᡳᠶᠠᡥᠠᠨ
niyaki, ᠨᡳᠶᠠᡴᡳ
niyalma, ᠨᡳᠶᠠᠯᠮᠠ
niyaman, ᠨᡳᠶᠠᠮᠠᠨ
niyang, ᠨᡳᠶᠠᠩ
niyangniya, ᠨᡳᠶᠠᠩᠨᡳᠶᠠ
niyaniombi, ᠨᡳᠶᠠᠨᡳᠣᠮᠪᡳ
niyehe, ᠨᡳᠶᡝᡥᡝ
niyengniyeri, ᠨᡳᠶᡝᠩᠨᡳᠶᡝᡵᡳ
niyohombi, ᠨᡳᠶᠣᡥᠣᠮᠪᡳ
niyokdoko, ᠨᡳᠶᠣᡴᡩᠣᡴᠣ
niy᠋alma, ᠨᡳᠶ᠋ᠠᠯᠮᠠ
nofi, ᠨᠣᡶᡳ
nomhon, ᠨᠣᠮᡥᠣᠨ
nomun, ᠨᠣᠮᡠᠨ
non, ᠨᠣᠨ
noor, ᠨᠣᠣᡵ
noyan, ᠨᠣᠶᠠᠨ
nuheci, ᠨᡠᡥᡝᠴᡳ
nukte, ᠨᡠᡴᡨᡝ
nure, ᠨᡠᡵᡝ
nurgaci, ᠨᡠᡵᡤᠠᠴᡳ
n᠋ujan, ᠨ᠋ᡠᠵᠠᠨ
obombi, ᠣᠪᠣᠮᠪᡳ
obonggi, ᠣᠪᠣᠩᡤᡳ
oci, ᠣᠴᡳ
odze, ᠣᡯᡝ
ofi, ᠣᡶᡳ
oforo, ᠣᡶᠣᡵᠣ
oho, ᠣᡥᠣ
ohotono, ᠣᡥᠣᡨᠣᠨᠣ
ojombi, ᠣᠵᠣᠮᠪᡳ
okdombi, ᠣᡴᡩᠣᠮᠪᡳ
oke, ᠣᡴᡝ
okto, ᠣᡴ᠋ᡨ᠋ᠣ
oktolombi, ᠣᡴᡨᠣᠯᠣᠮᠪᡳ
oktosi, ᠣᡴᡨᠣᠰᡳ
olbo, ᠣᠯᠪᠣ
olhon, ᠣᠯᡥᠣᠨ
olji, ᠣᠯᠵᡳ
oljilambi, ᠣᠯᠵᡳᠯᠠᠮᠪᡳ
olo, ᠣᠯᠣ
olombi, ᠣᠯᠣᠮᠪᡳ
omimbi, ᠣᠮᡳᠮᠪᡳ
omo, ᠣᠮᠣ
omolo, ᠣᠮᠣᠯᠣ
omšon, ᠣᠮᡧᠣᠨ
on, ᠣᠨ
onco, ᠣᠨᠴᠣ
onggocon, ᠣᠩᡤᠣᠴᠣᠨ
onggombi, ᠣᠩᡤᠣᠮᠪᡳ
onggosu, ᠣᠩᡤᠣᠰᡠ
onon, ᠣᠨᠣᠨ
oodze, ᠣᠣᡯᡝ
oori, ᠣᠣᡵᡳ
ordo, ᠣᡵᡩᠣ
orgon, ᠣᡵᡤᠣᠨ
orho, ᠣᡵᡥᠣ
orhoda, ᠣᡵᡥᠣᡩᠠ
orici, ᠣᡵᡳᠴᡳ
orimbi, ᠣᡵᡳᠮᠪᡳ
orin, ᠣᡵᡳᠨ
oringgeri, ᠣᡵᡳᠩᡤᡝᡵᡳ
oron, ᠣᡵᠣᠨ
oronco, ᠣᡵᠣᠨᠴᠣ
oros, ᠣᡵᠣᠰ
oton, ᠣᡨ᠋ᠣᠨ
oyo, ᠣᠶᠣ
oyoki, ᠣᠶᠣᡴᡳ
ošoho, ᠣᡧᠣᡥᠣ
palta, ᡦᠠᠯᡨᠠ
pancan, ᡦᠠᠨᠴᠠᠨ
panghai, ᡦᠠᠩᡥᠠᡳ
pi, ᡦᡳ
pinggu, ᡦᡳᠩᡤᡠ
pingguri, ᡦᡳᠩᡤᡠᡵᡳ
piyan, ᡦᡳᠶᠠᠨ
pocong, ᡦᠣᠴᠣᠩ
poo, ᡦᠣᠣ
pusa, ᡦᡠᠰᠠ
puseli, ᡦᡠᠰᡝᠯᡳ
rakša, ᡵᠠᡴᡧᠠ
sa, ᠰᠠ
sabka, ᠰᠠᠪᡴᠠ
sabu, ᠰᠠᠪᡠ
sabula, ᠰᠠᠪᡠᠯᠠ
saca, ᠰᠠᠴᠠ
sacima, ᠰᠠᠴᡳᠮᠠ
sada, ᠰᠠᡩᠠ
saha, ᠰᠠᡥᠠ
sahahūn, ᠰᠠᡥᠠᡥᡡᠨ
sahaliyan, ᠰᠠᡥᠠᠯᡳᠶᠠᠨ
saifi, ᠰᠠᡳᡶᡳ
saihūwa, ᠰᠠᡳᡥᡡᠸᠠ
saikan, ᠰᠠᡳᡴᠠᠨ
saimbi, ᠰᠠᡳᠮᠪᡳ
sain, ᠰᠠᡳᠨ
sakda, ᠰᠠᡴᡩᠠ
saksaha, ᠰᠠᡴᠰᠠᡥᠠ
salja, ᠰᠠᠯᠵᠠ
salu, ᠰᠠᠯᡠ
samadi, ᠰᠠᠮᠠᡩᡳ
saman, ᠰᠠᠮᠠᠨ
sambi, ᠰᠠᠮᠪᡳ
sampa, ᠰᠠᠮᡦᠠ
sanca, ᠰᠠᠨᠴᠠ
sangguji, ᠰᠠᠩᡤᡠᠵᡳ
sangse, ᠰᠠᠩᠰᡝ
sansi, ᠰᠠᠨᠰᡳ
sara, ᠰᠠᡵᠠ
sarakū, ᠰᠠᡵᠠᡴᡡ
sarasu, ᠰᠠᡵᠠᠰᡠ
sargan, ᠰᠠᡵᡤᠠᠨ
sargiya, ᠰᠠᡵᡤᡳᠶᠠ
sarin, ᠰᠠᡵᡳᠨ
sarkū, ᠰᠠᡵᡴᡡ
sarluk, ᠰᠠᡵᠯᡠᡴ
sarpa, ᠰᠠᡵᡦᠠ
sasa, ᠰᠠᠰᠠ
se, ᠰᡝ
sebden, ᠰᡝᠪᡩᡝᠨ
sebjen, ᠰᡝᠪᠵᡝᠨ
sebseheri, ᠰᡝᠪᠰᡝᡥᡝᡵᡳ
sefu, ᠰᡝᡶᡠ
sehe, ᠰᡝᡥᡝ
seherembi, ᠰᡝᡥᡝᡵᡝᠮᠪᡳ
seire, ᠰᡝᡳᡵᡝ
sejen, ᠰᡝᠵᡝᠨ
sejesi, ᠰᡝᠵᡝᠰᡳ
sejilembi, ᠰᡝᠵᡳᠯᡝᠮᠪᡳ
seke, ᠰᡝᡴᡝ
sekiyen, ᠰᡝᡴᡳᠶᡝᠨ
sele, ᠰᡝᠯᡝ
selengge, ᠰᡝᠯᡝᠩᡤᡝ
sembi, ᠰᡝᠮᠪᡳ
seme, ᠰᡝᠮᡝ
sence, ᠰᡝᠨᠴᡝ
sencehe, ᠰᡝᠨᠴᡝᡥᡝ
sengge, ᠰᡝᠩᡤᡝ
senggi, ᠰᡝᠩᡤᡳ
sengkule, ᠰᡝᠩᡴᡠᠯᡝ
seolembi, ᠰᡝᠣᠯᡝᠮᠪᡳ
sere, ᠰᡝᡵᡝ
serembi, ᠰᡝᡵᡝᠮᠪᡳ
serengge, ᠰᡝᡵᡝᠩᡤᡝ
serguwen, ᠰᡝᡵᡤᡠᠸᡝᠨ
serguwešembi, ᠰᡝᡵᡤᡠᠸᡝᡧᡝᠮᠪᡳ
serki, ᠰᡝᡵᡴᡳ
serkin, ᠰᡝᡵᡴᡳᠨ
si, ᠰᡳ
sibe, ᠰᡳᠪᡝ
sifulu, ᠰᡳᡶᡠᠯᡠ
sihakū, ᠰᡳᡥᠠᡴᡡ
sihin, ᠰᡳᡥᡳᠨ
sijigiyan, ᠰᡳᠵᡳᡤᡳᠶᠠᠨ
sike, ᠰᡳᡴᡝ
sikse, ᠰᡳᡴᠰᡝ
sikseri, ᠰᡳᡴᠰᡝᡵᡳ
sile, ᠰᡳᠯᡝ
silenggi, ᠰᡳᠯᡝᠩᡤᡳ
silhi, ᠰᡳᠯᡥᡳ
silun, ᠰᡳᠯᡠᠨ
simbe, ᠰᡳᠮᠪᡝ
simbirsku, ᠰᡳᠮᠪᡳᡵᠰᡴᡠ
simelen, ᠰᡳᠮᡝᠯᡝᠨ
simen, ᠰᡳᠮᡝᠨ
simhun, ᠰᡳᠮᡥᡠᠨ
sinci, ᠰᡳᠨᠴᡳ
sinde, ᠰᡳᠨᡩᡝ
singgeri, ᠰᡳᠩᡤᡝᡵᡳ
sini, ᠰᡳᠨᡳ
sirambi, ᠰᡳᡵᠠᠮᠪᡳ
sirdan, ᠰᡳᡵᡩᠠᠨ
sirge, ᠰᡳᡵᡤᡝ
sirhacin, ᠰᡳᡵᡥᠠᠴᡳᠨ
sirin, ᠰᡳᡵᡳᠨ
sishe, ᠰᡳᠰᡥᡝ
sisi, ᠰᡳᠰᡳ
site᠋mbi, ᠰᡳᡨᡝ᠋ᠮᠪᡳ
sithen, ᠰᡳᡨᡥᡝᠨ
sišargan, ᠰᡳᡧᠠᡵᡤᠠᠨ
sogi, ᠰᠣᡤᡳ
sohin, ᠰᠣᡥᡳᠨ
sohon, ᠰᠣᡥᠣᠨ
soison, ᠰᠣᡳᠰᠣᠨ
solho, ᠰᠣᠯᡥᠣ
solmin, ᠰᠣᠯᠮᡳᠨ
solohi, ᠰᠣᠯᠣᡥᡳ
solon, ᠰᠣᠯᠣᠨ
solontu, ᠰᠣᠯᠣᠨᡨᡠ
soncoho, ᠰᠣᠨᠴᠣᡥᠣ
songgombi, ᠰᠣᠩᡤᠣᠮᠪᡳ
soro, ᠰᠣᡵᠣ
subarhan, ᠰᡠᠪᠠᡵᡥᠠᠨ
sube, ᠰᡠᠪᡝ
suduri, ᠰᡠᡩᡠᡵᡳ
sufan, ᠰᡠᡶᠠᠨ
suhe, ᠰᡠᡥᡝ
suhun, ᠰᡠᡥᡠᠨ
suifun, ᠰᡠᡳᡶᡠᠨ
suiha, ᠰᡠᡳᡥᠠ
suihe, ᠰᡠᡳᡥᡝ
suilan, ᠰᡠᡳᠯᠠᠨ
sukdun, ᠰᡠᡴᡩᡠᠨ
suksaha, ᠰᡠᡴᠰᠠᡥᠠ
sukū, ᠰᡠᡴᡡ
suman, ᠰᡠᠮᠠᠨ
sun, ᠰᡠᠨ
sunggari, ᠰᡠᠩᡤᠠᡵᡳ
sunja, ᠰᡠᠨᠵᠠ
sunjaci, ᠰᡠᠨᠵᠠᠴᡳ
sunjanggeri, ᠰᡠᠨᠵᠠᠩᡤᡝᡵᡳ
suran, ᠰᡠᡵᠠᠨ
suru, ᠰᡠᡵᡠ
susai, ᠰᡠᠰᠠᡳ
susu, ᠰᡠᠰᡠ
suwanda, ᠰᡠᠸᠠᠨ᠋ᡩ᠋ᠠ
suwayan, ᠰᡠᠸᠠᠶᠠᠨ
suwe, ᠰᡠᠸᡝ
suwembe, ᠰᡠᠸᡝᠮᠪᡝ
suwenci, ᠰᡠᠸᡝᠨᠴᡳ
suwende, ᠰᡠᠸᡝᠨᡩᡝ
suweni, ᠰᡠᠸᡝᠨᡳ
sycuwan, ᠰᡟᠴᡠᠸᠠᠨ
tacihiyan, ᡨ᠋ᠠᠴᡳᡥᡳᠶᠠᠨ
tacikū, ᡨᠠᠴᡳᡴᡡ
tacimbi, ᡨᠠᠴᡳᠮᠪᡳ
tacimsi, ᡨᠠᠴᡳᠮᠰᡳ
tacin, ᡨᠠᠴᡳᠨ
tahi, ᡨᠠᡥᡳ
taibu, ᡨᠠᡳᠪᡠ
taifin, ᡨᠠᡳᡶᡳᠨ
taigiyan, ᡨᠠᡳᡤᡳᠶᠠᠨ
taiji, ᡨᠠᡳᠵᡳ
taiwan, ᡨᠠᡳᠸᠠᠨ
taka, ᡨᠠᡴᠠ
tala, ᡨᠠᠯᠠ
talambi, ᡨᠠᠯᠠᠮᠪᡳ
talkiyambi, ᡨᠠᠯᡴᡳᠶᠠᠮᠪᡳ
talkiyan, ᡨ᠋ᠠᠯᡴᡳᠶᠠᠨ
talman, ᡨᠠᠯᠮᠠᠨ
tamambi, ᡨᠠᠮᠠᠮᠪᡳ
taman, ᡨᠠᠮᠠᠨ
tambi, ᡨᠠᠮᠪᡳ
tana, ᡨᠠᠨᠠ
tanggū, ᡨᠠᠩᡤᡡ
tara, ᡨᠠᡵᠠ
tarbahi, ᡨᠠᡵᠪᠠᡥᡳ
tarcan, ᡨᠠᡵᠴᠠᠨ
tarfu, ᡨᠠᡵᡶᡠ
tarhūn, ᡨᠠᡵᡥᡡᠨ
tasha, ᡨᠠᠰᡥᠠ
tatakū, ᡨᠠᡨᠠᡴᡡ
tatambi, ᡨᠠᡨᠠᠮᠪᡳ
tatame, ᡨᠠᡨᠠᠮᡝ
tatara, ᡨᠠᡨᠠᡵᠠ
tatuhan, ᡨᠠᡨᡠᡥᠠᠨ
te, ᡨᡝ
tebku, ᡨᡝᠪᡴᡠ
tehe, ᡨᡝᡥᡝ
teike, ᡨᡝᡳᡴᡝ
teišun, ᡨᡝᡳᡧᡠᠨ
teksin, ᡨᡝᡴᠰᡳᠨ
teku, ᡨᡝᡴᡠ
tembi, ᡨᡝᠮᠪᡳ
temen, ᡨᡝᠮᡝᠨ
temeri, ᡨᡝᠮᡝᡵᡳ
temgetu, ᡨᡝᠮᡤᡝᡨᡠ
tenggeri, ᡨᡝᠩᡤᡝᡵᡳ
tenggin, ᡨᡝᠩᡤᡳᠨ
tere, ᡨᡝᡵᡝ
terkimbi, ᡨᡝᡵᡴᡳᠮᠪᡳ
terkin, ᡨᡝᡵᡴᡳᠨ
teru, ᡨᡝᡵᡠ
te᠋lenggut, ᡨᡝ᠋ᠯᡝᠩᡤᡠᡨ
tiyan, ᡨ᠋ᡳᠶᠠᠨ
tobgiya, ᡨᠣᠪᡤᡳᠶᠠ
tofohoci, ᡨᠣᡶᠣᡥᠣᠴᡳ
tofohon, ᡨ᠋ᠣᡶ᠋ᠣᡥᠣᠨ
tofohonggeri, ᡨᠣᡶᠣᡥᠣᠩᡤᡝᡵᡳ
tofohorsu, ᡨᠣᡶᠣᡥᠣᡵᠰᡠ
toholon, ᡨᠣᡥᠣᠯᠣᠨ
tohon, ᡨᠣᡥᠣᠨ
tojin, ᡨᠣᠵᡳᠨ
toksitu, ᡨᠣᡴᠰᡳᡨᡠ
tokso, ᡨᠣᡴᠰᠣ
toktoho, ᡨᠣᡴᡨᠣᡥᠣ
toktombi, ᡨᠣᡴᡨᠣᠮᠪᡳ
tolgin, ᡨᠣᠯᡤᡳᠨ
tolon, ᡨᠣᠯᠣᠨ
ton, ᡨᠣᠨ
tondo, ᡨᠣᠨᡩᠣ
tonggo, ᡨᠣᠩᡤᠣ
toose, ᡨᠣᠣᠰᡝ
torhombi, ᡨᠣᡵᡥᠣᠮᠪᡳ
toro, ᡨᠣᡵᠣ
ts'aifung, ᡮᠠᡳᡶᡠᠩ
tubet, ᡨᡠᠪᡝᡨ
tubihe, ᡨᡠᠪᡳᡥᡝ
tugi, ᡨᡠᡤᡳ
tuhembi, ᡨᡠᡥᡝᠮᠪᡳ
tulergi, ᡨᡠᠯᡝᡵᡤᡳ
tulhun, ᡨᡠᠯᡥᡠᠨ
tumen, ᡨᡠᠮᡝᠨ
tumiha, ᡨᡠᠮᡳᡥᠠ
tumin, ᡨᡠᠮᡳᠨ
tun, ᡨᡠᠨ
tunggen, ᡨᡠᠩᡤᡝᠨ
tungjeo, ᡨᡠᠩᠵᡝᠣ
tungken, ᡨᡠᠩᡴᡝᠨ
tungse, ᡨᡠᠩᠰᡝ
tura, ᡨᡠᡵᠠ
turaki, ᡨᡠᡵᠠᡴᡳ
turakū, ᡨᡠᡵᠠᡴᡡ
turfan, ᡨᡠᡵᡶᠠᠨ
turga, ᡨᡠᡵᡤᠠ
turi, ᡨᡠᡵᡳ
tusumbi, ᡨᡠᠰᡠᠮᠪᡳ
tuwa, ᡨᡠᠸᠠ
tuwambi, ᡨᡠᠸᠠᠮᠪᡳ
tuweri, ᡨᡠᠸᡝᡵᡳ
tu᠋le, ᡨᡠ᠋ᠯᡝ
t᠋iyan, ᡨ᠋ᡳᠶᠠᠨ
u, ᡠ
uce, ᡠᠴᡝ
ucun, ᡠᠴᡠᠨ
udambi, ᡠᡩᠠᠮᠪᡳ
udu, ᡠᡩᡠ
ufa, ᡠᡶᠠ
ufuhu, ᡠᡶᡠᡥᡠ
uhala, ᡠᡥᠠᠯᠠ
uhen, ᡠᡥᡝᠨ
uheri, ᡠᡥᡝᡵᡳ
uhuken, ᡠᡥᡠᡴᡝᠨ
uhume, ᡠᡥᡠᠮᡝ
uigur, ᡠᡳᡤᡠᡵ
uihe, ᡠᡳᡥᡝ
ujan, ᡠᠵᠠᠨ
ujen, ᡠᠵᡝᠨ
ujirhi, ᡠᠵᡳᡵᡥᡳ
uju, ᡠᠵᡠ
ujui, ᡠᠵᡠᡳ
ukcambi, ᡠᡴᠴᠠᠮᠪᡳ
uksin, ᡠᡴ᠋ᠰᡳ᠍ᠨ
uksun, ᡠᡴᠰᡠᠨ
uksura, ᡠᡴᠰᡠᡵᠠ
ula, ᡠᠯᠠ
ulden, ᡠᠯᡩᡝ᠋ᠨ
ulgiyan, ᡠᠯᡤᡳᠶᠠᠨ
ulhi, ᡠᠯᡥᡳ
ulhu, ᡠᠯᡥᡠ
ulhūma, ᡠᠯᡥᡡᠮᠠ
uli, ᡠᠯᡳ
ulin, ᡠᠯᡳᠨ
ulme, ᡠᠯᠮᡝ
ume, ᡠᠮᡝ
umesi, ᡠᠮᡝᠰᡳ
umgan, ᡠᠮᡤᠠᠨ
umhan, ᡠᠮᡥᠠᠨ
umiyaha, ᡠᠮᡳᠶᠠᡥᠠ
umiyesun, ᡠᠮᡳᠶᡝᠰᡠᠨ
umpu, ᡠᠮᡦᡠ
umudu, ᡠᠮᡠᡩᡠ
un, ᡠᠨ
uncehen, ᡠᠨᠴᡝᡥᡝᠨ
undehen, ᡠᠨᡩᡝᡥᡝᠨ
unggu, ᡠᠩᡤᡠ
uniyen, ᡠᠨᡳᠶᡝᠨ
ura, ᡠᡵᠠ
urembi, ᡠᡵᡝᠮᠪᡳ
urse, ᡠᡵᠰᡝ
uruldembi, ᡠᡵᡠᠯᡩᡝᠮᠪᡳ
urumci, ᡠᡵᡠᠮᠴᡳ
urun, ᡠᡵᡠᠨ
use, ᡠᠰᡝ
usiha, ᡠᠰᡳᡥᠠ
usin, ᡠᠰᡳᠨ
usisi, ᡠᠰᡳᠰᡳ
uthai, ᡠᡨᡥᠠᡳ
uttu, ᡠᡨᡨᡠ
uyan, ᡠᠶᠠᠨ
uyašan, ᡠᠶᠠᡧᠠᠨ
uyuci, ᡠᠶᡠᠴᡳ
uyun, ᡠᠶᡠᠨ
uyungge, ᡠᠶᡠᠩᡤᡝ
uyunggeri, ᡠᠶᡠᠩᡤᡝᡵᡳ
uyunju, ᡠᠶᡠᠨᠵᡠ
uyursu, ᡠᠶᡠᡵᠰᡠ
uyute, ᡠᠶᡠᡨᡝ
uše, ᡠᡧᡝ
wa, ᠸᠠ
waburu, ᠸᠠᠪᡠᡵᡠ
wahai, ᠸᠠᡥᠠᡳ
wahūn, ᠸᠠᡥᡡᠨ
waidakū, ᠸᠠᡳᡩᠠᡴᡡ
waka, ᠸᠠᡴᠠ
wakalambi, ᠸᠠᡴᠠᠯᠠᠮᠪᡳ
wakalan, ᠸᠠᡴᠠᠯᠠᠨ
wakšan, ᠸᠠᡴᡧᠠᠨ
wali, ᠸᠠᠯᡳ
waliyambi, ᠸᠠᠯᡳᠶᠠᠮᠪᡳ
wambi, ᠸᠠᠮᠪᡳ
wan, ᠸᠠᠨ
wang, ᠸᠠᠩ
wangga, ᠸᠠᠩᡤᠠ
wanli, ᠸᠠᠨᠯᡳ
wargi, ᠸᠠᡵᡤᡳ
wasiha, ᠸᠠᠰᡳᡥᠠ
we, ᠸᡝ
wehe, ᠸᡝᡥᡝ
weihe, ᠸᡝᡳᡥᡝ
weihuken, ᠸᡝᡳᡥᡠᡴᡝᠨ
weile, ᠸᡝᡳᠯᡝ
weilen, ᠸᡝᡳᠯᡝᠨ
weniyembi, ᠸᡝᠨᡳᠶᡝᠮᠪᡳ
wesimbi, ᠸᡝᠰᡳᠮᠪᡳ
ya, ᠶᠠ
yabubufi, ᠶᠠᠪᡠᠪᡠᡶᡳ
yabumbi, ᠶᠠᠪᡠᠮᠪᡳ
yabun, ᠶᠠᠪᡠᠨ
yacihiyambi, ᠶᠠᠴᡳᡥᡳᠶᠠᠮᠪᡳ
yafahan, ᠶᠠᡶᠠᡥᠠᠨ
yafan, ᠶᠠᡶᠠᠨ
yafasi, ᠶᠠᡶᠠᠰᡳ
yaha, ᠶᠠᡥᠠ
yakca, ᠶᠠᡴᠴᠠ
yali, ᠶᠠᠯᡳ
yamji, ᠶᠠᠮᠵᡳ
yamjishūn, ᠶᠠᠮᠵᡳᠰᡥᡡᠨ
yamulambi, ᠶᠠᠮᡠᠯᠠᠮᠪᡳ
yamun, ᠶᠠᠮᡠᠨ
yargiyan, ᠶᠠᡵᡤᡳᠶᠠᠨ
yarha, ᠶᠠᡵᡥᠠ
yasa, ᠶᠠᠰᠠ
yasai, ᠶᠠᠰᠠᡳ
yatuhan, ᠶᠠᡨᡠᡥᠠᠨ
yaya, ᠶᠠᠶᠠ
yekserhen, ᠶᡝᡴᠰᡝᡵᡥᡝᠨ
yelu, ᠶᡝᠯᡠ
yen, ᠶᡝᠨ
yengguhe, ᠶᡝᠩᡤᡠᡥᡝ
yerhuwe, ᠶᡝᡵᡥᡠᠸᡝ
yerkim, ᠶᡝᡵᡴᡳᠮ
yertembi, ᠶᡝᡵᡨᡝᠮᠪᡳ
yeru, ᠶᡝᡵᡠ
yeye, ᠶᡝᠶᡝ
yobo, ᠶᠣᠪᠣ
yodan, ᠶᠣᡩᠠᠨ
yoho, ᠶᠣᡥᠣ
yonggan, ᠶᠣᠩᡤᠠᠨ
yoose, ᠶᠣᠣᠰᡝ
yoro, ᠶᠣᡵᠣ
yuwan, ᠶᡠᠸᠠᠨ
yuwei, ᠶᡠᠸᡝᡳ
yuyumbi, ᠶᡠᠶᡠᠮᠪᡳ
yuyun, ᠶᡠᠶᡠᠨ
šabi, ᡧᠠᠪᡳ
šaburu, ᡧᠠᠪᡠᡵᡠ
šahūn, ᡧᠠᡥᡡᠨ
šahūrun, ᡧᠠᡥᡡᡵᡠᠨ
šakšaha, ᡧᠠᡴᡧᠠᡥᠠ
šan, ᡧᠠᠨ
šancin, ᡧᠠᠨᠴᡳᠨ
šandung, ᡧᠠᠨᡩᡠᠩ
šanggiyan, ᡧᠠᠩᡤᡳᠶᠠᠨ
šansi, ᡧᠠᠨᠰᡳ
šanyan, ᡧᠠᠨᠶᠠᠨ
šatan, ᡧᠠᡨᠠᠨ
šašambi, ᡧᠠᡧᠠᠮᠪᡳ
šenggin, ᡧᡝᠩᡤᡳᠨ
šeri, ᡧᡝᡵᡳ
šetuhen, ᡧᡝᡨᡠᡥᡝᠨ
šeyen, ᡧᡝᠶᡝᠨ
šešempe, ᡧᡝᡧᡝᠮᡦᡝ
šešeri, ᡧᡝᡧᡝᡵᡳ
šidzung, ᡧᡳᡯᡠᠩ
šimin, ᡧᡳᠮᡳᠨ
šobin, ᡧᠣᠪᡳᠨ
šodombi, ᡧᠣᡩᠣᠮᠪᡳ
šoge, ᡧᠣᡤᡝ
šoho, ᡧᠣᡥᠣ
šolontu, ᡧᠣᠯᠣᠨᡨᡠ
šongkon, ᡧᠣᠩᡴᠣᠨ
šongk᠋oro, ᡧᠣᠩᡴ᠋ᠣᡵᠣ
šorho, ᡧᠣᡵᡥᠣ
šu, ᡧᡠ
šugi, ᡧᡠᡤᡳ
šula, ᡧᡠᠯᠠ
šulhe, ᡧᡠᠯᡥᡝ
šumin, ᡧᡠᠮᡳᠨ
šumuru, ᡧᡠᠮᡠᡵᡠ
šun, ᡧᡠᠨ
šusiha, ᡧᡠᠰᡳᡥᠠ
šušu, ᡧᡠᡧᡠ
ūlen, ᡡᠯᡝᠨ
ūlet, ᡡᠯᡝᡨ
ūren, ᡡᡵᡝᠨ
žiben, ᡰᡳᠪᡝᠨ
žindzung, ᡰᡳᠨᡯᡠᠩ
