aniya, ᠠᠨᡳᠶᠠ
manju, ᠮᠠᠨᠵᡠ
gisun, ᡤᡳᠰᡠᠨ
muke, ᠮᡠᡴᡝ
bi, ᠪᡳ
si, ᠰᡳ
suwe, ᠰᡠᠸᡝ
muse, ᠮᡠᠰᡝ
aga, ᠠᡤᠠ
ce, ᠴᡝ
i, ᡳ
dehi, ᡩᡝᡥᡳ
nadanju, ᠨᠠᡩᠠᠨᠵᡠ
ilha, ᡳᠯᡥᠠ
uyunju, ᡠᠶᡠᠨᠵᡠ
nadan, ᠨᠠᡩᠠᠨ
orin, ᠣᡵᡳᠨ
jakūnju, ᠵᠠᡴᡡᠨᠵᡠ
tanggū, ᡨᠠᠩᡤᡡ
ninju, ᠨᡳᠨᠵᡠ
duin, ᡩᡠᡳᠨ
ilan, ᡳᠯᠠᠨ
juwe, ᠵᡠᠸᡝ
sunja, ᠰᡠᠨᠵᠠ
uyun, ᡠᠶᡠᠨ
emu, ᡝᠮᡠ
gūsin, ᡤᡡᠰᡳᠨ
susai, ᠰᡠᠰᠠᡳ
jakūn, ᠵᠠᡴᡡᠨ
minggan, ᠮᡳᠩᡤᠠᠨ
juwan, ᠵᡠᠸᠠᠨ
ninggun, ᠨᡳᠩᡤᡠᠨ
usiha, ᡠᠰᡳᡥᠠ
solontu, ᠰᠣᠯᠣᠨᡨᡠ
šolontu, ᡧᠣᠯᠣᠨᡨᡠ
bira, ᠪᡳᡵᠠ
tacikū, ᡨᠠᠴᡳᡴᡡ
nikan, ᠨᡳᡴᠠᠨ
haha, ᡥᠠᡥᠠ
morin, ᠮᠣᡵᡳᠨ
šun, ᡧᡠᠨ
manju gisun, ᠮᠠᠨᠵᡠ ᡤᡳᠰᡠᠨ
dulimbai gurun, ᡩᡠᠯᡳᠮᠪᠠᡳ ᡤᡠᡵᡠᠨ
jio, ᠵᡳᠣ
jidere, ᠵᡳᡩᡝᡵᡝ
canggi, ᠴᠠᠩᡤᡳ
algin, ᠠᠯᡤᡳᠨ
kušun, ᡴᡠᡧᡠᠨ
atanggi, ᠠᡨᠠᠩᡤᡳ
kooli, ᡴᠣᠣᠯᡳ
elbembi, ᡝᠯᠪᡝᠮᠪᡳ
facuhūn, ᡶᠠᠴᡠᡥᡡᠨ
wesimbi, ᠸᡝᠰᡳᠮᠪᡳ
jimbi, ᠵᡳᠮᠪᡳ
feliyembi, ᡶᡝᠯᡳᠶᡝᠮᠪᡳ
ei᠌membi, ᡝᡳ᠌ᠮᡝᠮᠪᡳ
abka, ᠠᠪᡴᠠ
ai᠌nu, ᠠᡳ᠌ᠨᡠ
hešu hašu, ᡥᡝᡧᡠ ᡥᠠᡧᡠ
gūwabsi, ᡤᡡᠸᠠᠪᠰᡳ
alin, ᠠᠯᡳᠨ
beye, ᠪᡝᠶᡝ
gege, ᡤᡝᡤᡝ
uju, ᡠᠵᡠ
tumen, ᡨᡠᠮᡝᠨ
meihe, ᠮᡝᡳᡥᡝ
tobgiya, ᡨᠣᠪᡤᡳᠶᠠ
dorgi baita be uheri kadalara yamun, ᡩᠣᡵᡤᡳ ᠪᠠᡳᡨᠠ ᠪᡝ ᡠᡥᡝᡵᡳ ᡴᠠᡩᠠᠯᠠᡵᠠ ᠶᠠᠮᡠᠨ
eriku, ᡝᡵᡳᡴᡠ
tubihe, ᡨᡠᠪᡳᡥᡝ
harbin, ᡥᠠᡵᠪᡳᠨ
gurun, ᡤᡠᡵᡠᠨ
wang, ᠸᠠᠩ
mei᠌he, ᠮᡝᡳ᠌ᡥᡝ
noyan, ᠨᠣᠶᠠᠨ
Ercis, ᡝᡵᠴᡳᠰ
lama, ᠯᠠᠮᠠ
sebden, ᠰᡝᠪᡩᡝᠨ
nimanggi, ᠨᡳᠮᠠᠩᡤᡳ
wehe, ᠸᡝᡥᡝ
indahūn, ᡳᠨᡩᠠᡥᡡᠨ
nai᠌hūmbi, ᠨᠠᡳ᠌ᡥᡡᠮᠪᡳ
bejing, ᠪᡝᠵᡳᠩ
hasihar, ᡥᠠᠰᡳᡥᠠᡵ
kasigar, ᡴᠠᠰᡳᡤᠠᡵ
yabumbi, ᠶᠠᠪᡠᠮᠪᡳ
ūlet, ᡡᠯᡝᡨ
monggo, ᠮᠣᠩᡤᠣ
hasak, ᡥᠠᠰᠠᡴ
tubet, ᡨᡠᠪᡝᡨ
Tubet, ᡨᡠᠪᡝᡨ
edun, ᡝᡩᡠᠨ
tugi, ᡨᡠᡤᡳ
gungheg'o, ᡤᡠᠩᡥᡝᡬᠣ
Baihal, ᠪᠠᡳᡥᠠᠯ
orgon, ᠣᡵᡤᠣᠨ
Selengge, ᠰᡝᠯᡝᠩᡤᡝ
kūrambi, ᡴᡡᡵᠠᠮᠪᡳ
loho, ᠯᠣᡥᠣ
Isus Heristos, ᡳᠰᡠᠰ ᡥᡝᡵᡳᠰᡨᠣᠰ
isus, ᡳᠰᡠᠰ
jarhū, ᠵᠠᡵᡥᡡ
monggū, ᠮᠣᠩᡤᡡ
amban, ᠠᠮᠪᠠᠨ
bei᠌le, ᠪᡝᡳ᠌ᠯᡝ
gūsa, ᡤᡡᠰᠠ
baturu, ᠪᠠᡨᡠᡵᡠ
niru, ᠨᡳᡵᡠ
jalan, ᠵᠠᠯᠠᠨ
janggin, ᠵᠠᠩᡤᡳᠨ
a, ᠠ
e, ᡝ
huhun, ᡥᡠᡥᡠᠨ
biya, ᠪᡳᠶᠠ
ba, ᠪᠠ
ayalambi, ᠠᠶᠠᠯᠠᠮᠪᡳ
hot᠋on, ᡥᠣᡨ᠋ᠣᠨ
gašan, ᡤᠠᡧᠠᠨ
be lii hi t᠋iyan d᠋e᠋, ᠪᡝ ᠯᡳᡳ ᡥᡳ ᡨ᠋ᡳᠶᠠᠨ ᡩ᠋ᡝ᠋
gisurecembi, ᡤᡳᠰᡠᡵᡝᠴᡝᠮᠪᡳ
dergi mederi, ᡩᡝᡵᡤᡳ ᠮᡝᡩᡝᡵᡳ
batu᠋ru, ᠪᠠᡨᡠ᠋ᡵᡠ
te᠋lenggut, ᡨᡝ᠋ᠯᡝᠩᡤᡠᡨ
gurun boo, ᡤᡠᡵᡠᠨ ᠪᠣᠣ
bei᠌se, ᠪᡝᡳ᠌ᠰᡝ
burat, ᠪᡠᡵᠠᡨ
hara halbak, ᡥᠠᡵᠠ ᡥᠠᠯᠪᠠᡴ
beging, ᠪᡝᡤᡳᠩ
ai᠌u᠌han, ᠠᡳ᠌ᡠ᠌ᡥᠠᠨ
dergi, ᡩᡝᡵᡤᡳ
be, ᠪᡝ
jey᠋elembi, ᠵᡝᠶ᠋ᡝᠯᡝᠮᠪᡳ
hergen kooli, ᡥᡝᡵᡤᡝᠨ ᡴᠣᠣᠯᡳ
da, ᡩᠠ
min, ᠮᡳᠨ
kai᠌lar, ᡴᠠᡳ᠌ᠯᠠᡵ
gebu, ᡤᡝᠪᡠ
meiren, ᠮᡝᡳᡵᡝᠨ
honin, ᡥᠣᠨᡳᠨ
hūri, ᡥᡡᡵᡳ
doron, ᡩᠣᡵᠣᠨ
juwari, ᠵᡠᠸᠠᡵᡳ
geli, ᡤᡝᠯᡳ
tu᠋le, ᡨᡠ᠋ᠯᡝ
du᠋du᠋, ᡩᡠ᠋ᡩᡠ᠋
solmin, ᠰᠣᠯᠮᡳᠨ
kusugel noor, ᡴᡠᠰᡠᡤᡝᠯ ᠨᠣᠣᡵ
gasha, ᡤᠠᠰᡥᠠ
manju hergen, ᠮᠠᠨᠵᡠ ᡥᡝᡵᡤᡝᠨ
abkai cikten, ᠠᠪᡴᠠᡳ ᠴᡳᡴᡨᡝᠨ
šanyan, ᡧᠠᠨᠶᠠᠨ
šahūn, ᡧᠠᡥᡡᠨ
sohon, ᠰᠣᡥᠣᠨ
suwayan, ᠰᡠᠸᠠᠶᠠᠨ
niowanggiyan, ᠨᡳᠣᠸᠠᠩᡤᡳᠶᠠᠨ
sahahūn, ᠰᠠᡥᠠᡥᡡᠨ
wargi dzang, ᠸᠠᡵᡤᡳ ᡯᠠᠩ
niohon, ᠨᡳᠣᡥᠣᠨ
šanggiyan, ᡧᠠᠩᡤᡳᠶᠠᠨ
sahaliyan, ᠰᠠᡥᠠᠯᡳᠶᠠᠨ
sahaliyan ula, ᠰᠠᡥᠠᠯᡳᠶᠠᠨ ᡠᠯᠠ
šandung, ᡧᠠᠨᡩᡠᠩ
juwan cikten, ᠵᡠᠸᠠᠨ ᠴᡳᡴᡨᡝᠨ
taiwan, ᡨᠠᡳᠸᠠᠨ
guwangdung, ᡤᡠᠸᠠᠩᡩᡠᠩ
šansi, ᡧᠠᠨᠰᡳ
hoton, ᡥᠣᡨᠣᠨ
sansi, ᠰᠠᠨᠰᡳ
fugiyan, ᡶᡠᡤᡳᠶᠠᠨ
honan, ᡥᠣᠨᠠᠨ
guwangsi, ᡤᡠᠸᠠᠩᠰᡳ
jegiyang, ᠵᡝᡤᡳᠶᠠᠩ
mucen, ᠮᡠᠴᡝᠨ
halhūn mucen, ᡥᠠᠯᡥᡡᠨ ᠮᡠᠴᡝᠨ
halhūn, ᡥᠠᠯᡥᡡᠨ
suduri, ᠰᡠᡩᡠᡵᡳ
kakiri, ᡴᠠᡴᡳᡵᡳ
anju, ᠠᠨᠵᡠ
yali, ᠶᠠᠯᡳ
fefe, ᡶᡝᡶᡝ
coco, ᠴᠣᠴᠣ
ula, ᡠᠯᠠ
bithe, ᠪᡳᡨᡥᡝ
hūwajiyoo, ᡥᡡᠸᠠᠵᡳᠶᠣᠣ
suduri bit᠌he, ᠰᡠᡩᡠᡵᡳ ᠪᡳᡨ᠌ᡥᡝ
ama eme, ᠠᠮᠠ ᡝᠮᡝ
tuweri, ᡨᡠᠸᡝᡵᡳ
niyengniyeri, ᠨᡳᠶᡝᠩᠨᡳᠶᡝᡵᡳ
eme, ᡝᠮᡝ
ama, ᠠᠮᠠ
duin erin, ᡩᡠᡳᠨ ᡝᡵᡳᠨ
bolori, ᠪᠣᠯᠣᡵᡳ
kungdzi, ᡴᡠᠩᡯᡳ
erin, ᡝᡵᡳᠨ
nimaha, ᠨᡳᠮᠠᡥᠠ
oros, ᠣᡵᠣᠰ
suduri dangse, ᠰᡠᡩᡠᡵᡳ ᡩᠠᠩᠰᡝ
dangse, ᡩᠠᠩᠰᡝ
dangse boo, ᡩᠠᠩᠰᡝ ᠪᠣᠣ
ejebun, ᡝᠵᡝᠪᡠᠨ
inenggi ejebun, ᡳᠨᡝᠩᡤᡳ ᡝᠵᡝᠪᡠᠨ
suduri ejebun, ᠰᡠᡩᡠᡵᡳ ᡝᠵᡝᠪᡠᠨ
inenggi, ᡳᠨᡝᠩᡤᡳ
sike, ᠰᡳᡴᡝ
hamu, ᡥᠠᠮᡠ
hehe, ᡥᡝᡥᡝ
kesike, ᡴᡝᠰᡳᡴᡝ
sefu, ᠰᡝᡶᡠ
šabi, ᡧᠠᠪᡳ
adali, ᠠᡩᠠᠯᡳ
jui, ᠵᡠᡳ
abkai jui, ᠠᠪᡴᠠᡳ ᠵᡠᡳ
biyangga efen, ᠪᡳᠶᠠᠩᡤᠠ ᡝᡶᡝᠨ
ice, ᡳᠴᡝ
uksin, ᡠᡴ᠋ᠰᡳ᠍ᠨ
amihūn, ᠠᠮᡳᡥᡡᠨ
nimeku, ᠨᡳᠮᡝᡴᡠ
ninggiya efen, ᠨᡳᠩᡤᡳᠶᠠ ᡝᡶᡝᠨ
amaga enen, ᠠᠮᠠᡤᠠ ᡝᠨᡝᠨ
menggun, ᠮᡝᠩᡤᡠᠨ
enenggi, ᡝᠨᡝᠩᡤᡳ
coro, ᠴᠣᡵᠣ
ere cimari, ᡝᡵᡝ ᠴᡳᠮᠠᡵᡳ
ecimari, ᡝᠴᡳᠮᠠᡵᡳ
cimari, ᠴᡳᠮᠠᡵᡳ
mucu, ᠮᡠᠴᡠ
jeje, ᠵᡝᠵᡝ
yafahan uksin, ᠶᠠᡶᠠᡥᠠᠨ ᡠᡴ᠋ᠰᡳ᠍ᠨ
daicing gurun, ᡩᠠᡳ᠌ᠴᡳᠩ ᡤᡠᡵᡠᠨ
an nan, ᠠᠨ ᠨᠠᠨ
daiiming gurun, ᡩᠠᡳᡳᠮᡳᠩ ᡤᡠᡵᡠᠨ
daiiming, ᡩᠠᡳᡳᠮᡳᠩ
daicing, ᡩᠠᡳ᠌ᠴᡳᠩ
senggi, ᠰᡝᠩᡤᡳ
okto, ᠣᡴ᠋ᡨ᠋ᠣ
fituhan, ᡶ᠋ᡳᡨᡠᡥᠠᠨ
yuwei kin, ᠶᡠᠸᡝᡳ ᡴᡳᠨ
gaha oton, ᡤᠠᡥᠠ ᠣᡨ᠋ᠣᠨ
yafahan cooha, ᠶᠠᡶᠠᡥᠠᠨ ᠴᠣᠣᡥᠠ
kuburhen, ᡴᡠᠪᡠᡵᡥᡝᠨ
šobin, ᡧᠣᠪᡳᠨ
d᠋e᠋ gurun, ᡩ᠋ᡝ᠋ ᡤᡠᡵᡠᠨ
ming gurun, ᠮᡳᠩ ᡤᡠᡵᡠᠨ
namun, ᠨᠠᠮᡠᠨ
mederi, ᠮᡝᡩᡝᡵᡳ
cai, ᠴᠠᡳ
yasa, ᠶᠠᠰᠠ
nure, ᠨᡠᡵᡝ
arki, ᠠᡵᡴᡳ
šoho, ᡧᠣᡥᠣ
yoho, ᠶᠣᡥᠣ
baniha, ᠪᠠᠨᡳᡥᠠ
puseli, ᡦᡠᠰᡝᠯᡳ
cai puseli, ᠴᠠᡳ ᡦᡠᠰᡝᠯᡳ
be liyan tacihiyan, ᠪᡝ ᠯᡳᠶᠠᠨ ᡨ᠋ᠠᠴᡳᡥᡳᠶᠠᠨ
lamai tacihiyan, ᠯᠠᠮᠠᡳ ᡨ᠋ᠠᠴᡳᡥᡳᠶᠠᠨ
sun, ᠰᡠᠨ
Sun, ᠰᡠᠨ
lamun, ᠯᠠᠮᡠᠨ
f᠋useri, ᡶ᠋ᡠᠰᡝᡵᡳ
jiha, ᠵᡳᡥᠠ
niohe, ᠨᡳᠣᡥᡝ
tiyan jin, ᡨ᠋ᡳᠶᠠᠨ ᠵᡳᠨ
fulahūn, ᡶᡠᠯᠠᡥᡡᠨ
buda, ᠪᡠᡩ᠋ᠠ
giyai, ᡤᡳᠶᠠᡳ
niyaman, ᠨᡳᠶᠠᠮᠠᠨ
ceng d᠋u᠋, ᠴᡝᠩ ᡩ᠋ᡠ᠋
uyan bud᠋a, ᡠᠶᠠᠨ ᠪᡠᡩ᠋ᠠ
uyan, ᡠᠶᠠᠨ
sabu, ᠰᠠᠪᡠ
hasi, ᡥᠠᠰᡳ
larhūn, ᠯᠠᡵᡥᡡᠨ
gungju, ᡤᡠᠩᠵᡠ
hūšaju, ᡥᡡᡧᠠᠵᡠ
fulgiyan, ᡶᡠᠯᡤᡳᠶᠠᠨ
niyehe, ᠨᡳᠶᡝᡥᡝ
lio kio, ᠯᡳᠣ ᡴᡳᠣ
liokio, ᠯᡳᠣᡴᡳᠣ
lio kiyeo, ᠯᡳᠣ ᡴᡳᠶᡝᠣ
furgisu, ᡶ᠋ᡠᡵᡤᡳᠰᡠ
hūwang ho bira, ᡥᡡᠸᠠᠩ ᡥᠣ ᠪᡳᡵᠠ
suwanda, ᠰᡠᠸᠠᠨ᠋ᡩ᠋ᠠ
golmin ula, ᡤᠣᠯᠮᡳᠨ ᡠᠯᠠ
lio kio gurun, ᠯᡳᠣ ᡴᡳᠣ ᡤᡠᡵᡠᠨ
nimenggi, ᠨᡳᠮᡝᠩᡤᡳ
duka, ᡩᡠᡴᠠ
malanggū, ᠮᠠᠯᠠᠩᡤᡡ
malanggū nimenggi, ᠮᠠᠯᠠᠩᡤᡡ ᠨᡳᠮᡝᠩᡤᡳ
jeku, ᠵᡝᡴᡠ
sahaliyan malanggū, ᠰᠠᡥᠠᠯᡳᠶᠠᠨ ᠮᠠᠯᠠᠩᡤᡡ
malanggū misun, ᠮᠠᠯᠠᠩᡤᡡ ᠮᡳᠰᡠᠨ
bodokū, ᠪᠣᡩ᠋ᠣᡴᡡ
talkiyan, ᡨ᠋ᠠᠯᡴᡳᠶᠠᠨ
biyangga inenggi, ᠪᡳᠶᠠᠩᡤᠠ ᡳᠨᡝᠩᡤᡳ
jakūn biyai tofohon, ᠵᠠᡴᡡᠨ ᠪᡳᠶᠠᡳ ᡨ᠋ᠣᡶ᠋ᠣᡥᠣᠨ
booi buhū, ᠪᠣᠣᡳ ᠪᡠᡥᡡ
jilan muke, ᠵᡳᠯᠠᠨ ᠮᡠᡴᡝ
hūwai ho bira, ᡥᡡᠸᠠᡳ ᡥᠣ ᠪᡳᡵᠠ
buhū, ᠪᡠᡥᡡ
aja jeje, ᠠᠵᠠ ᠵᡝᠵᡝ
basa, ᠪᠠᠰᠠ
boo nimaha, ᠪᠣᠣ ᠨᡳᠮᠠᡥᠠ
duin bilten, ᡩ᠋ᡠ᠋ᡳ᠌ᠨ ᠪᡳᠯᡨᡝᠨ
pi jio, ᡦᡳ ᠵᡳᠣ
uyan lala, ᡠᠶᠠᠨ ᠯᠠᠯᠠ
mafa gurun, ᠮᠠᡶᠠ ᡤᡠᡵᡠᠨ
uyungge inenggi, ᡠᠶᡠᠩᡤᡝ ᡳᠨᡝᠩᡤᡳ
mase, ᠮᠠᠰᡝ
mase muyari, ᠮᠠᠰᡝ ᠮᡠᠶᠠᡵᡳ
muyari, ᠮᡠᠶᠠᡵᡳ
hibsu, ᡥᡳᠪᠰᡠ
ejen, ᡝᠵᡝᠨ
hibsu ejen, ᡥᡳᠪᠰᡠ ᡝᠵᡝᠨ
niongniyaha, ᠨᡳᠣᠩᠨᡳᠶᠠᡥᠠ
irgen, ᡳᡵᡤᡝᠨ
irgen gurun, ᡳᡵᡤᡝᠨ ᡤᡠᡵᡠᠨ
yabubufi ilge᠋, ᠶᠠᠪᡠᠪᡠᡶᡳ ᡳᠯᡤᡝ᠋
aisin gioro, ᠠᡳᠰᡳᠨ ᡤᡳᠣᡵᠣ
boo, ᠪᠣᠣ
moo, ᠮᠣᠣ
katuri, ᡴᠠᡨᡠ᠋ᡵᡳ
sogi, ᠰᠣᡤᡳ
boso, ᠪᠣᠰᠣ
joo, ᠵᠣᠣ
mudu᠋ri, ᠮᡠᡩᡠ᠋ᡵᡳ
lefu, ᠯᡝᡶᡠ
tasha, ᡨᠠᠰᡥᠠ
ihan, ᡳᡥᠠᠨ
gūlmahūn, ᡤᡡᠯᠮᠠᡥᡡᠨ
arsalan, ᠠᡵᠰᠠᠯᠠᠨ
coko, ᠴᠣᡴᠣ
ulgiyan, ᡠᠯᡤᡳᠶᠠᠨ
deo, ᡩᡝᠣ
oforo, ᠣᡶᠣᡵᠣ
angga, ᠠᠩᡤᠠ
non, ᠨᠣᠨ
ilenggu, ᡳᠯᡝᠩᡤᡠ
šan, ᡧᠠᠨ
eyun, ᡝᠶᡠᠨ
weihe, ᠸᡝᡳᡥᡝ
bethe, ᠪᡝᡨᡥᡝ
ahūn, ᠠᡥᡡᠨ
solho, ᠰᠣᠯᡥᠣ
abdaha, ᠠᠪᡩᠠᡥᠠ
haha jui, ᡥᠠᡥᠠ ᠵᡠᡳ
eigen, ᡝᡳᡤᡝᠨ
niyalma, ᠨᡳᠶᠠᠯᠮᠠ
omolo, ᠣᠮᠣᠯᠣ
komso, ᡴᠣᠮᠰᠣ
ere, ᡝᡵᡝ
ajige, ᠠᠵᡳᡤᡝ
oci, ᠣᠴᡳ
labdu, ᠯᠠᠪᡩᡠ
sargan, ᠰᠠᡵᡤᠠᠨ
akū, ᠠᡴᡡ
juwan ilan, ᠵᡠᠸᠠᠨ ᡳᠯᠠᠨ
juwan emu, ᠵᡠᠸᠠᠨ ᡝᠮᡠ
tofohon, ᡨᠣᡶᠣᡥᠣᠨ
juwan duin, ᠵᡠᠸᠠᠨ ᡩᡠᡳᠨ
juwan ninggun, ᠵᡠᠸᠠᠨ ᠨᡳᠩᡤᡠᠨ
amba, ᠠᠮᠪᠠ
juwan juwe, ᠵᡠᠸᠠᠨ ᠵᡠᠸᡝ
juwan nadan, ᠵᡠᠸᠠᠨ ᠨᠠᡩᠠᠨ
gaha, ᡤᠠᡥᠠ
juwan uyun, ᠵᡠᠸᠠᠨ ᡠᠶᡠᠨ
sargan jui, ᠰᠠᡵᡤᠠᠨ ᠵᡠᡳ
eihen, ᡝᡳᡥᡝᠨ
dobi, ᡩᠣᠪᡳ
juwan jakūn, ᠵᡠᠸᠠᠨ ᠵᠠᡴᡡᠨ
eihume, ᡝᡳᡥᡠᠮᡝ
tere, ᡨᡝᡵᡝ
mini, ᠮᡳᠨᡳ
monggon, ᠮᠣᠩᡤᠣᠨ
giranggi, ᡤᡳᡵᠠᠩᡤᡳ
gargan, ᡤᠠᡵᡤᠠᠨ
helmehen, ᡥᡝᠯᠮᡝᡥᡝᠨ
singgeri, ᠰᡳᠩᡤᡝᡵᡳ
gefehe, ᡤᡝᡶᡝᡥᡝ
galman, ᡤᠠᠯᠮᠠᠨ
giyahūn, ᡤᡳᠶᠠᡥᡡᠨ
namu, ᠨᠠᠮᡠ
monio, ᠮᠣᠨᡳᠣ
sampa, ᠰᠠᠮᡦᠠ
garu, ᡤᠠᡵᡠ
derhuwe, ᡩᡝᡵᡥᡠᠸᡝ
bonio, ᠪᠣᠨᡳᠣ
simhun, ᠰᡳᠮᡥᡠᠨ
ufuhu, ᡠᡶᡠᡥᡠ
sukū, ᠰᡠᡴᡡ
fahūn, ᡶᠠᡥᡡᠨ
duha, ᡩᡠᡥᠠ
sifulu, ᠰᡳᡶᡠᠯᡠ
delihun, ᡩᡝᠯᡳᡥᡠᠨ
faitan, ᡶᠠᡳᡨᠠᠨ
šenggin, ᡧᡝᠩᡤᡳᠨ
guwejihe, ᡤᡠᠸᡝᠵᡳᡥᡝ
fehi, ᡶᡝᡥᡳ
ura, ᡠᡵᠠ
teru, ᡨᡝᡵᡠ
fisa, ᡶᡳᠰᠠ
funiyehe, ᡶᡠᠨᡳᠶᡝᡥᡝ
dabcikū, ᡩᠠᠪᠴᡳᡴᡡ
dara, ᡩᠠᡵᠠ
silhi, ᠰᡳᠯᡥᡳ
cejen, ᠴᡝᠵᡝᠨ
sabka, ᠰᠠᠪᡴᠠ
sele, ᠰᡝᠯᡝ
tarcan, ᡨᠠᡵᠴᠠᠨ
giowan, ᡤᡳᠣᠸᠠᠨ
ebci, ᡝᠪᠴᡳ
akjan, ᠠᡴᠵᠠᠨ
g'an, ᡬᠠᠨ
hefeli, ᡥᡝᡶᡝᠯᡳ
bono, ᠪᠣᠨᠣ
suksaha, ᠰᡠᡴᠰᠠᡥᠠ
toholon muke, ᡨᠣᡥᠣᠯᠣᠨ ᠮᡠᡴᡝ
juhe, ᠵᡠᡥᡝ
teišun, ᡨᡝᡳᡧᡠᠨ
sirin, ᠰᡳᡵᡳᠨ
toholon, ᡨᠣᡥᠣᠯᠣᠨ
dere, ᡩᡝᡵᡝ
guye, ᡤᡠᠶᡝ
salu, ᠰᠠᠯᡠ
mayan, ᠮᠠᠶᠠᠨ
uncehen, ᡠᠨᠴᡝᡥᡝᠨ
fulcin, ᡶᡠᠯᠴᡳᠨ
femen, ᡶᡝᠮᡝᠨ
ikūrsun, ᡳᡴᡡᡵᠰᡠᠨ
umhan, ᡠᠮᡥᠠᠨ
sencehe, ᠰᡝᠨᠴᡝᡥᡝ
amaka, ᠠᠮᠠᡴᠠ
mama, ᠮᠠᠮᠠ
tuwa, ᡨᡠᠸᠠ
bilha, ᠪᡳᠯᡥᠠ
emeke, ᡝᠮᡝᡴᡝ
amji, ᠠᠮᠵᡳ
yeye, ᠶᡝᠶᡝ
ecike, ᡝᠴᡳᡴᡝ
hitahūn, ᡥᡳᡨᠠᡥᡡᠨ
eniye, ᡝᠨᡳᠶᡝ
eshen, ᡝᠰᡥᡝᠨ
oke, ᠣᡴᡝ
urun, ᡠᡵᡠᠨ
gucu, ᡤᡠᠴᡠ
deheme, ᡩᡝᡥᡝᠮᡝ
mafa, ᠮᠠᡶᠠ
unggu, ᡠᠩᡤᡠ
amu, ᠠᠮᡠ
oktosi, ᠣᡴᡨᠣᠰᡳ
meye, ᠮᡝᠶᡝ
aja, ᠠᠵᠠ
efu, ᡝᡶᡠ
uhume, ᡠᡥᡠᠮᡝ
unggu mafa, ᡠᠩᡤᡠ ᠮᠠᡶᠠ
seire, ᠰᡝᡳᡵᡝ
goro mafa, ᡤᠣᡵᠣ ᠮᠠᡶᠠ
meifen, ᠮᡝᡳᡶᡝᠨ
uhen, ᡠᡥᡝᠨ
tunggen, ᡨᡠᠩᡤᡝᠨ
holhon, ᡥᠣᠯᡥᠣᠨ
falanggū, ᡶᠠᠯᠠᠩᡤᡡ
boihon, ᠪᠣᡳᡥᠣᠨ
sukdun, ᠰᡠᡴᡩᡠᠨ
na, ᠨᠠ
uce, ᡠᠴᡝ
mulu, ᠮᡠᠯᡠ
šeri, ᡧᡝᡵᡳ
dunggu, ᡩᡠᠩᡤᡠ
mukden, ᠮᡠᡴᡩᡝᠨ
golo, ᡤᠣᠯᠣ
jugūn, ᠵᡠᡤᡡᠨ
han, ᡥᠠᠨ
maise, ᠮᠠᡳᠰᡝ
dabagan, ᡩᠠᠪᠠᡤᠠᠨ
muji, ᠮᡠᠵᡳ
bolosu, ᠪᠣᠯᠣᠰᡠ
tala, ᡨᠠᠯᠠ
šušu, ᡧᡠᡧᡠ
fa, ᡶᠠ
yeru, ᠶᡝᡵᡠ
usin, ᡠᠰᡳᠨ
yamji, ᠶᠠᠮᠵᡳ
bele, ᠪᡝᠯᡝ
dabsun, ᡩᠠᠪᠰᡠᠨ
erde, ᡝᡵᡩᡝ
šatan, ᡧᠠᡨᠠᠨ
tumiha, ᡨᡠᠮᡳᡥᠠ
darama, ᡩᠠᡵᠠᠮᠠ
misun, ᠮᡳᠰᡠᠨ
ufa, ᡠᡶᠠ
hangse, ᡥᠠᠩᠰᡝ
tun, ᡨᡠᠨ
cungguru, ᠴᡠᠩᡤᡠᡵᡠ
oho, ᠣᡥᠣ
umgan, ᡠᠮᡤᠠᠨ
bujan, ᠪᡠᠵᠠᠨ
orho, ᠣᡵᡥᠣ
nei, ᠨᡝᡳ
ferhe, ᡶᡝᡵᡥᡝ
niyaki, ᠨᡳᠶᠠᡴᡳ
beri, ᠪᡝᡵᡳ
uli, ᡠᠯᡳ
asha, ᠠᠰᡥᠠ
etuku, ᡝᡨᡠᡴᡠ
elu, ᡝᠯᡠ
fi, ᡶᡳ
nakcu, ᠨᠠᡴᠴᡠ
usisi, ᡠᠰᡳᠰᡳ
besergen, ᠪᡝᠰᡝᡵᡤᡝᠨ
abkai sukdun, ᠠᠪᡴᠠᡳ ᠰᡠᡴᡩᡠᠨ
hadufun, ᡥᠠᡩᡠᡶᡠᠨ
jibehun, ᠵᡳᠪᡝᡥᡠᠨ
feise, ᡶᡝᡳᠰᡝ
šahūrun, ᡧᠠᡥᡡᡵᡠᠨ
foholon, ᡶᠣᡥᠣᠯᠣᠨ
sirdan, ᠰᡳᡵᡩᠠᠨ
jakdan, ᠵᠠᡴᡩᠠᠨ
Jakdan, ᠵᠠᡴᡩᠠᠨ
golmin, ᡤᠣᠯᠮᡳᠨ
saikan, ᠰᠠᡳᡴᠠᠨ
hūcin, ᡥᡡᠴᡳᠨ
nekcu, ᠨᡝᡴᠴᡠ
pingguri, ᡦᡳᠩᡤᡠᡵᡳ
toro, ᡨᠣᡵᠣ
ulhūma, ᡠᠯᡥᡡᠮᠠ
gurgu, ᡤᡠᡵᡤᡠ
mahala, ᠮᠠᡥᠠᠯᠠ
tokso, ᡨᠣᡴᠰᠣ
den, ᡩᡝᠨ
umpu, ᡠᠮᡦᡠ
antaha, ᠠᠨᡨᠠᡥᠠ
hoošan, ᡥᠣᠣᡧᠠᠨ
behe, ᠪᡝᡥᡝ
hūdun, ᡥᡡᡩᡠᠨ
tohon, ᡨᠣᡥᠣᠨ
tulhun, ᡨᡠᠯᡥᡠᠨ
asihan, ᠠᠰᡳᡥᠠᠨ
fodoho, ᡶᠣᡩᠣᡥᠣ
talman, ᡨᠠᠯᠮᠠᠨ
adarame, ᠠᡩᠠᡵᠠᠮᡝ
goro, ᡤᠣᡵᠣ
jaka, ᠵᠠᡴᠠ
udu, ᡠᡩᡠ
we, ᠸᡝ
nioron, ᠨᡳᠣᡵᠣᠨ
sain, ᠰᠠᡳᠨ
Sain, ᠰᠠᡳᠨ
boco, ᠪᠣᠴᠣ
bosho, ᠪᠣᠰᡥᠣ
ai, ᠠᡳ
sakda, ᠰᠠᡴᡩᠠ
Sakda, ᠰᠠᡴᡩᠠ
sini, ᠰᡳᠨᡳ
ja, ᠵᠠ
turi, ᡨᡠᡵᡳ
mangga, ᠮᠠᠩᡤᠠ
sacima, ᠰᠠᠴᡳᠮᠠ
bithesi, ᠪᡳᡨᡥᡝᠰᡳ
kara, ᡴᠠᡵᠠ
konggoro, ᡴᠣᠩᡤᠣᡵᠣ
šeyen, ᡧᡝᠶᡝᠨ
šaburu, ᡧᠠᠪᡠᡵᡠ
lamukan, ᠯᠠᠮᡠᡴᠠᠨ
haksan, ᡥᠠᡴᠰᠠᠨ
ya, ᠶᠠ
gohon, ᡤᠣᡥᠣᠨ
yoose, ᠶᠣᠣᠰᡝ
suhun, ᠰᡠᡥᡠᠨ
jamu, ᠵᠠᠮᡠ
jerde, ᠵᡝᡵᡩᡝ
fahala, ᡶᠠᡥᠠᠯᠠ
fila, ᡶᡳᠯᠠ
yerhuwe, ᠶᡝᡵᡥᡠᠸᡝ
hūntahan, ᡥᡡᠨᡨᠠᡥᠠᠨ
fomoci, ᡶᠣᠮᠣᠴᡳ
sanca, ᠰᠠᠨᠴᠠ
šulhe, ᡧᡠᠯᡥᡝ
dorgon, ᡩᠣᡵᡤᠣᠨ
langgū, ᠯᠠᠩᡤᡡ
je, ᠵᡝ
moro, ᠮᠣᡵᠣ
anakū, ᠠᠨᠠᡴᡡ
ijifun, ᡳᠵᡳᡶᡠᠨ
undehen, ᡠᠨᡩᡝᡥᡝᠨ
saksaha, ᠰᠠᡴᠰᠠᡥᠠ
yengguhe, ᠶᡝᠩᡤᡠᡥᡝ
temen, ᡨᡝᠮᡝᠨ
temeri, ᡨᡝᠮᡝᡵᡳ
deretu, ᡩᡝᡵᡝᡨᡠ
dungga, ᡩᡠᠩᡤᠠ
elden, ᡝᠯᡩᡝᠨ
Elden, ᡝᠯᡩᡝᠨ
huwesi, ᡥᡠᠸᡝᠰᡳ
taigiyan, ᡨᠠᡳᡤᡳᠶᠠᠨ
sufan, ᠰᡠᡶᠠᠨ
hasaha, ᡥᠠᠰᠠᡥᠠ
hūwangdi, ᡥᡡᠸᠠᠩᡩᡳ
waidakū, ᠸᠠᡳᡩᠠᡴᡡ
alikū, ᠠᠯᡳᡴᡡ
sishe, ᠰᡳᠰᡥᡝ
sengge, ᠰᡝᠩᡤᡝ
sijigiyan, ᠰᡳᠵᡳᡤᡳᠶᠠᠨ
enduri, ᡝᠨᡩᡠᡵᡳ
abkai ejen, ᠠᠪᡴᠠᡳ ᡝᠵᡝᠨ
hūsihan, ᡥᡡᠰᡳᡥᠠᠨ
eshun, ᡝᠰᡥᡠᠨ
ergen, ᡝᡵᡤᡝᠨ
cibin, ᠴᡳᠪᡳᠨ
gala, ᡤᠠᠯᠠ
fulhū, ᡶᡠᠯᡥᡡ
oyo, ᠣᠶᠣ
sejen, ᠰᡝᠵᡝᠨ
monggo boo, ᠮᠣᠩᡤᠣ ᠪᠣᠣ
suhe, ᠰᡠᡥᡝ
asu, ᠠᠰᡠ
buleku, ᠪᡠᠯᡝᡴᡠ
saca, ᠰᠠᠴᠠ
hoto, ᡥᠣᡨᠣ
daifu, ᡩᠠᡳᡶᡠ
jilgan, ᠵᡳᠯᡤᠠᠨ
aha, ᠠᡥᠠ
amala, ᠠᠮᠠᠯᠠ
nicuhe, ᠨᡳᠴᡠᡥᡝ
hashū, ᡥᠠᠰᡥᡡ
ici, ᡳᠴᡳ
dehema, ᡩᡝᡥᡝᠮᠠ
gu, ᡤᡠ
cooha, ᠴᠣᠣᡥᠠ
dulimba, ᡩᡠᠯᡳᠮᠪᠠ
julergi, ᠵᡠᠯᡝᡵᡤᡳ
wargi, ᠸᠠᡵᡤᡳ
nece, ᠨᡝᠴᡝ
neye, ᠨᡝᠶᡝ
baša, ᠪᠠᡧᠠ
asihan sargan, ᠠᠰᡳᡥᠠᠨ ᠰᠠᡵᡤᠠᠨ
hūwangheo, ᡥᡡᠸᠠᠩᡥᡝᠣ
gufu, ᡤᡠᡶᡠ
ambuma, ᠠᠮᠪᡠᠮᠠ
keke, ᡴᡝᡴᡝ
berhu, ᠪᡝᡵᡥᡠ
ahūngga jui, ᠠᡥᡡᠩᡤᠠ ᠵᡠᡳ
jalahi jui, ᠵᠠᠯᠠᡥᡳ ᠵᡠᡳ
dabkūri omolo, ᡩᠠᠪᡴᡡᡵᡳ ᠣᠮᠣᠯᠣ
ina, ᡳᠨᠠ
hojihon, ᡥᠣᠵᡳᡥᠣᠨ
dancan, ᡩᠠᠨᠴᠠᠨ
guweleku, ᡤᡠᠸᡝᠯᡝᡴᡠ
naya, ᠨᠠᠶᠠ
goro omolo, ᡤᠣᡵᠣ ᠣᠮᠣᠯᠣ
soncoho, ᠰᠣᠨᠴᠣᡥᠣ
omolo sargan jui, ᠣᠮᠣᠯᠣ ᠰᠠᡵᡤᠠᠨ ᠵᡠᡳ
amha, ᠠᠮᡥᠠ
naca, ᠨᠠᠴᠠ
jalahi urun, ᠵᠠᠯᠠᡥᡳ ᡠᡵᡠᠨ
ina sargan jui, ᡳᠨᠠ ᠰᠠᡵᡤᠠᠨ ᠵᡠᡳ
emhe, ᡝᠮᡥᡝ
hergen, ᡥᡝᡵᡤᡝᠨ
jalahi sargan jui, ᠵᠠᠯᠠᡥᡳ ᠰᠠᡵᡤᠠᠨ ᠵᡠᡳ
ulme, ᡠᠯᠮᡝ
nikan hergen, ᠨᡳᡴᠠᠨ ᡥᡝᡵᡤᡝᠨ
nikan gisun, ᠨᡳᡴᠠᠨ ᡤᡳᠰᡠᠨ
heye, ᡥᡝᠶᡝ
fulenggi, ᡶᡠᠯᡝᠩᡤᡳ
ambu, ᠠᠮᠪᡠ
yaha, ᠶᠠᡥᠠ
yasai muke, ᠶᠠᠰᠠᡳ ᠮᡠᡴᡝ
namu ulgiyan, ᠨᠠᠮᡠ ᡠᠯᡤᡳᠶᠠᠨ
ulme hūlhatu, ᡠᠯᠮᡝ ᡥᡡᠯᡥᠠᡨᡠ
ge, ᡤᡝ
use, ᡠᠰᡝ
age, ᠠᡤᡝ
ibiyaha, ᡳᠪᡳᠶᠠᡥᠠ
giran, ᡤᡳᡵᠠᠨ
mala, ᠮᠠᠯᠠ
tungken, ᡨᡠᠩᡴᡝᠨ
weile, ᠸᡝᡳᠯᡝ
fifan, ᡶᡳᡶᠠᠨ
tenggeri, ᡨᡝᠩᡤᡝᡵᡳ
ficakū, ᡶᡳᠴᠠᡴᡡ
yatuhan, ᠶᠠᡨᡠᡥᠠᠨ
yafan, ᠶᠠᡶᠠᠨ
bileri, ᠪᡳᠯᡝᡵᡳ
folho, ᡶᠣᠯᡥᠣ
kumun, ᡴᡠᠮᡠᠨ
geren fila, ᡤᡝᡵᡝᠨ ᡶᡳᠯᠠ
toksitu, ᡨᠣᡴᠰᡳᡨᡠ
juwerge, ᠵᡠᠸᡝᡵᡤᡝ
homin, ᡥᠣᠮᡳᠨ
onggocon, ᠣᠩᡤᠣᠴᠣᠨ
hetu ficakū, ᡥᡝᡨᡠ ᡶᡳᠴᠠᡴᡡ
tatuhan, ᡨᠠᡨᡠᡥᠠᠨ
šetuhen, ᡧᡝᡨᡠᡥᡝᠨ
carki, ᠴᠠᡵᡴᡳ
defu, ᡩᡝᡶᡠ
baksangga ficakū, ᠪᠠᡴᠰᠠᠩᡤᠠ ᡶᡳᠴᠠᡴᡡ
doohan, ᡩᠣᠣᡥᠠᠨ
saman, ᠰᠠᠮᠠᠨ
uksura, ᡠᡴᠰᡠᡵᠠ
eye, ᡝᠶᡝ
enen, ᡝᠨᡝᠨ
elben, ᡝᠯᠪᡝᠨ
dogon, ᡩᠣᡤᠣᠨ
fafun, ᡶᠠᡶᡠᠨ
fei, ᡶᡝᡳ
ucun, ᡠᠴᡠᠨ
fayangga, ᡶᠠᠶᠠᠩᡤᠠ
dengjan, ᡩᡝᠩᠵᠠᠨ
huwešen, ᡥᡠᠸᡝᡧᡝᠨ
fucihi, ᡶᡠᠴᡳᡥᡳ
birgan, ᠪᡳᡵᡤᠠᠨ
non ula, ᠨᠣᠨ ᡠᠯᠠ
omo, ᠣᠮᠣ
eyen, ᡝᠶᡝᠨ
sunggari bira, ᠰᡠᠩᡤᠠᡵᡳ ᠪᡳᡵᠠ
yuwan, ᠶᡠᠸᠠᠨ
gebu hala, ᡤᡝᠪᡠ ᡥᠠᠯᠠ
hala, ᡥᠠᠯᠠ
hafan, ᡥᠠᡶᠠᠨ
fusa, ᡶᡠᠰᠠ
jiyanggiyūn, ᠵᡳᠶᠠᠩᡤᡳᠶᡡᠨ
eifu, ᡝᡳᡶᡠ
hobo, ᡥᠣᠪᠣ
hūwašan, ᡥᡡᠸᠠᡧᠠᠨ
feye, ᡶᡝᠶᡝ
golmin šanyan alin, ᡤᠣᠯᠮᡳᠨ ᡧᠠᠨᠶᠠᠨ ᠠᠯᡳᠨ
ningguta, ᠨᡳᠩᡤᡠᡨᠠ
doose, ᡩᠣᠣᠰᡝ
bei, ᠪᡝᡳ
sunggari ula, ᠰᡠᠩᡤᠠᡵᡳ ᡠᠯᠠ
erun, ᡝᡵᡠᠨ
golmin šanggiyan alin, ᡤᠣᠯᠮᡳᠨ ᡧᠠᠩᡤᡳᠶᠠᠨ ᠠᠯᡳᠨ
ala, ᠠᠯᠠ
futa, ᡶᡠᡨᠠ
buraki, ᠪᡠᡵᠠᡴᡳ
cihe, ᠴᡳᡥᡝ
tenggin, ᡨᡝᠩᡤᡳᠨ
fangkala, ᡶᠠᠩᡴᠠᠯᠠ
jiramin, ᠵᡳᡵᠠᠮᡳᠨ
forgon, ᡶᠣᡵᡤᠣᠨ
duin forgon, ᡩᡠᡳᠨ ᡶᠣᡵᡤᠣᠨ
kandahan, ᡴᠠᠨᡩᠠᡥᠠᠨ
onco, ᠣᠨᠴᠣ
se, ᠰᡝ
jušun, ᠵᡠᡧᡠᠨ
yarha, ᠶᠠᡵᡥᠠ
isheliyen, ᡳᠰᡥᡝᠯᡳᠶᡝᠨ
tarhūn, ᡨᠠᡵᡥᡡᠨ
ujen, ᡠᠵᡝᠨ
nekeliyen, ᠨᡝᡴᡝᠯᡳᠶᡝᠨ
funggaha, ᡶᡠᠩᡤᠠᡥᠠ
sabula, ᠰᠠᠪᡠᠯᠠ
tura, ᡨᡠᡵᠠ
tonggo, ᡨᠣᠩᡤᠣ
narhūn duha, ᠨᠠᡵᡥᡡᠨ ᡩᡠᡥᠠ
muwa duha, ᠮᡠᠸᠠ ᡩᡠᡥᠠ
muwa, ᠮᡠᠸᠠ
turakū, ᡨᡠᡵᠠᡴᡡ
sihin, ᠰᡳᡥᡳᠨ
hecen, ᡥᡝᠴᡝᠨ
dalin, ᡩᠠᠯᡳᠨ
dethe, ᡩᡝᡨᡥᡝ
manda, ᠮᠠᠨᡩᠠ
gemun, ᡤᡝᠮᡠᠨ
mukūn, ᠮᡠᡴᡡᠨ
sekiyen, ᠰᡝᡴᡳᠶᡝᠨ
gemun hecen, ᡤᡝᠮᡠᠨ ᡥᡝᠴᡝᠨ
narhūn, ᠨᠠᡵᡥᡡᠨ
bulukan, ᠪᡠᠯᡠᡴᠠᠨ
subarhan, ᠰᡠᠪᠠᡵᡥᠠᠨ
uhuken, ᡠᡥᡠᡴᡝᠨ
hatuhūn, ᡥᠠᡨᡠᡥᡡᠨ
jancuhūn, ᠵᠠᠨᠴᡠᡥᡡᠨ
serguwen, ᠰᡝᡵᡤᡠᠸᡝᠨ
fekcuhun, ᡶᡝᡴᠴᡠᡥᡠᠨ
uksun, ᡠᡴᠰᡠᠨ
cira, ᠴᡳᡵᠠ
micihiyan, ᠮᡳᠴᡳᡥᡳᠶᠠᠨ
wangga, ᠸᠠᠩᡤᠠ
beikuwen, ᠪᡝᡳᡴᡠᠸᡝᠨ
hanci, ᡥᠠᠨᠴᡳ
feniyen, ᡶᡝᠨᡳᠶᡝᠨ
šumin, ᡧᡠᠮᡳᠨ
mulan, ᠮᡠᠯᠠᠨ
fe, ᡶᡝ
ise, ᡳᠰᡝ
wahūn, ᠸᠠᡥᡡᠨ
furgin, ᡶᡠᡵᡤᡳᠨ
nikeku mulan, ᠨᡳᡴᡝᡴᡠ ᠮᡠᠯᠠᠨ
gosihon, ᡤᠣᠰᡳᡥᠣᠨ
jušuhun, ᠵᡠᡧᡠᡥᡠᠨ
cananggi, ᠴᠠᠨᠠᠩᡤᡳ
bilten, ᠪᡳᠯᡨᡝᠨ
amtangga, ᠠᠮᡨᠠᠩᡤᠠ
hutu, ᡥᡠᡨᡠ
hūwa, ᡥᡡᠸᠠ
jecen, ᠵᡝᠴᡝᠨ
ehe, ᡝᡥᡝ
amtan, ᠠᠮᡨᠠᠨ
fonjin, ᡶᠣᠨᠵᡳᠨ
wa, ᠸᠠ
dolo, ᡩᠣᠯᠣ
tumin, ᡨᡠᠮᡳᠨ
tahi, ᡨᠠᡥᡳ
dahan, ᡩᠠᡥᠠᠨ
aduci, ᠠᡩᡠᠴᡳ
ice jecen, ᡳᠴᡝ ᠵᡝᠴᡝᠨ
cifenggu, ᠴᡳᡶᡝᠩᡤᡠ
niman, ᠨᡳᠮᠠᠨ
silenggi, ᠰᡳᠯᡝᠩᡤᡳ
gurjen, ᡤᡠᡵᠵᡝᠨ
fulehe, ᡶᡠᠯᡝᡥᡝ
umiyaha, ᡠᠮᡳᠶᠠᡥᠠ
biyangsikū, ᠪᡳᠶᠠᠩᠰᡳᡴᡡ
yonggan, ᠶᠣᠩᡤᠠᠨ
heliyen, ᡥᡝᠯᡳᠶᡝᠨ
sebseheri, ᠰᡝᠪᠰᡝᡥᡝᡵᡳ
beten, ᠪᡝᡨᡝᠨ
hese, ᡥᡝᠰᡝ
sarpa, ᠰᠠᡵᡦᠠ
šešeri umiyaha, ᡧᡝᡧᡝᡵᡳ ᡠᠮᡳᠶᠠᡥᠠ
ancun umiyaha, ᠠᠨᠴᡠᠨ ᡠᠮᡳᠶᠠᡥᠠ
seke, ᠰᡝᡴᡝ
niolhun, ᠨᡳᠣᠯᡥᡠᠨ
omšon, ᠣᠮᡧᠣᠨ
suwayan solohi, ᠰᡠᠸᠠᠶᠠᠨ ᠰᠣᠯᠣᡥᡳ
sihakū, ᠰᡳᡥᠠᡴᡡ
aša, ᠠᡧᠠ
jorgon, ᠵᠣᡵᡤᠣᠨ
mujuhu, ᠮᡠᠵᡠᡥᡠ
juwali, ᠵᡠᠸᠠᠯᡳ
yekserhen, ᠶᡝᡴᠰᡝᡵᡥᡝᠨ
koki, ᡴᠣᡴᡳ
erhe, ᡝᡵᡥᡝ
sube, ᠰᡠᠪᡝ
ferehe singgeri, ᡶᡝᡵᡝᡥᡝ ᠰᡳᠩᡤᡝᡵᡳ
cirku, ᠴᡳᡵᡴᡠ
uyašan, ᡠᠶᠠᡧᠠᠨ
hardakū, ᡥᠠᡵᡩᠠᡴᡡ
ashangga singgeri, ᠠᠰᡥᠠᠩᡤᠠ ᠰᡳᠩᡤᡝᡵᡳ
sišargan, ᠰᡳᡧᠠᡵᡤᠠᠨ
halba, ᡥᠠᠯᠪᠠ
šorho, ᡧᠣᡵᡥᠣ
tojin, ᡨᠣᠵᡳᠨ
mihan, ᠮᡳᡥᠠᠨ
alajan, ᠠᠯᠠᠵᠠᠨ
boljon, ᠪᠣᠯᠵᠣᠨ
aidagan, ᠠᡳᡩᠠᡤᠠᠨ
mehen, ᠮᡝᡥᡝᠨ
mehejen, ᠮᡝᡥᡝᠵᡝᠨ
buka, ᠪᡠᡴᠠ
cecike, ᠴᡝᠴᡳᡴᡝ
buca, ᠪᡠᠴᠠ
yelu, ᠶᡝᠯᡠ
muhu, ᠮᡠᡥᡠ
munggan, ᠮᡠᠩᡤᠠᠨ
fajukū, ᡶᠠᠵᡠᡴᡡ
soison, ᠰᠣᡳᠰᠣᠨ
olbo, ᠣᠯᠪᠣ
imahū, ᡳᠮᠠᡥᡡ
mursa, ᠮᡠᡵᠰᠠ
fusheku, ᡶᡠᠰᡥᡝᡴᡠ
iseleku umiyaha, ᡳᠰᡝᠯᡝᡴᡠ ᡠᠮᡳᠶᠠᡥᠠ
hiyese, ᡥᡳᠶᡝᠰᡝ
handu, ᡥᠠᠨᡩᡠ
nomun, ᠨᠣᠮᡠᠨ
ihasi, ᡳᡥᠠᠰᡳ
fon, ᡶᠣᠨ
juciba, ᠵᡠᠴᡳᠪᠠ
etuku adu, ᡝᡨᡠᡴᡠ ᠠᡩᡠ
jaksan, ᠵᠠᡴᠰᠠᠨ
saifi, ᠰᠠᡳᡶᡳ
uihe, ᡠᡳᡥᡝ
jorgon inenggi, ᠵᠣᡵᡤᠣᠨ ᡳᠨᡝᠩᡤᡳ
ujan, ᡠᠵᠠᠨ
oron buhū, ᠣᡵᠣᠨ ᠪᡠᡥᡡ
huren, ᡥᡠᡵᡝᠨ
turga, ᡨᡠᡵᡤᠠ
derhi, ᡩᡝᡵᡥᡳ
gio, ᡤᡳᠣ
hunio, ᡥᡠᠨᡳᠣ
enihen, ᡝᠨᡳᡥᡝᠨ
eniyehen, ᡝᠨᡳᠶᡝᡥᡝᠨ
helmen, ᡥᡝᠯᠮᡝᠨ
sangguji, ᠰᠠᠩᡤᡠᠵᡳ
umiyesun, ᡠᠮᡳᠶᡝᠰᡠᠨ
ayan dengjan, ᠠᠶᠠᠨ ᡩᡝᠩᠵᠠᠨ
uše, ᡠᡧᡝ
šancin, ᡧᠠᠨᠴᡳᠨ
horho, ᡥᠣᡵᡥᠣ
horin, ᡥᠣᡵᡳᠨ
sengkule, ᠰᡝᠩᡴᡠᠯᡝ
ayan, ᠠᠶᠠᠨ
efen, ᡝᡶᡝᠨ
gūngkan, ᡤᡡᠩᡴᠠᠨ
hacin, ᡥᠠᠴᡳᠨ
ordo, ᠣᡵᡩᠣ
weihuken, ᠸᡝᡳᡥᡠᡴᡝᠨ
nitan, ᠨᡳᡨᠠᠨ
amargi, ᠠᠮᠠᡵᡤᡳ
suilan, ᠰᡠᡳᠯᠠᠨ
šešempe, ᡧᡝᡧᡝᠮᡦᡝ
binggiya, ᠪᡳᠩᡤᡳᠶᠠ
taman, ᡨᠠᠮᠠᠨ
kuku, ᡴᡠᡴᡠ
amila, ᠠᠮᡳᠯᠠ
emile coko, ᡝᠮᡳᠯᡝ ᠴᠣᡴᠣ
sara, ᠰᠠᡵᠠ
emile, ᡝᠮᡳᠯᡝ
kangsiri, ᡴᠠᠩᠰᡳᡵᡳ
sirge, ᠰᡳᡵᡤᡝ
ajirgan, ᠠᠵᡳᡵᡤᠠᠨ
ton, ᡨᠣᠨ
farhūn, ᡶᠠᡵᡥᡡᠨ
genggiyen, ᡤᡝᠩᡤᡳᠶᡝᠨ
hūrhan, ᡥᡡᡵᡥᠠᠨ
gehun, ᡤᡝᡥᡠᠨ
uniyen, ᡠᠨᡳᠶᡝᠨ
taibu, ᡨᠠᡳᠪᡠ
niyahan, ᠨᡳᠶᠠᡥᠠᠨ
lorin, ᠯᠣᡵᡳᠨ
guilehe, ᡤᡠᡳᠯᡝᡥᡝ
kubu, ᡴᡠᠪᡠ
foyoro, ᡶᠣᠶᠣᡵᠣ
garudai, ᡤᠠᡵᡠᡩᠠᡳ
delun, ᡩᡝᠯᡠᠨ
ara, ᠠᡵᠠ
jung, ᠵᡠᠩ
orhoda, ᠣᡵᡥᠣᡩᠠ
adu, ᠠᡩᡠ
amila coko, ᠠᠮᡳᠯᠠ ᠴᠣᡴᠣ
gerudei, ᡤᡝᡵᡠᡩᡝᡳ
biyoo umiyaha, ᠪᡳᠶᠣᠣ ᡠᠮᡳᠶᠠᡥᠠ
ira, ᡳᡵᠠ
arfa, ᠠᡵᡶᠠ
jancuhūnje, ᠵᠠᠨᠴᡠᡥᡡᠨᠵᡝ
fatan, ᡶᠠᡨᠠᠨ
midaha, ᠮᡳᡩᠠᡥᠠ
mere, ᠮᡝᡵᡝ
ilmaha, ᡳᠯᠮᠠᡥᠠ
ninggu, ᠨᡳᠩᡤᡠ
hailun, ᡥᠠᡳᠯᡠᠨ
hengke, ᡥᡝᠩᡴᡝ
cirku hengke, ᠴᡳᡵᡴᡠ ᡥᡝᠩᡴᡝ
soro, ᠰᠣᡵᠣ
esihe, ᡝᠰᡳᡥᡝ
šakšaha, ᡧᠠᡴᡧᠠᡥᠠ
baramida, ᠪᠠᡵᠠᠮᡳᡩᠠ
gise, ᡤᡳᠰᡝ
šusiha, ᡧᡠᠰᡳᡥᠠ
guigu, ᡤᡠᡳᡤᡠ
gungge, ᡤᡠᠩᡤᡝ
fufun, ᡶᡠᡶᡠᠨ
gūnin, ᡤᡡᠨᡳᠨ
giohoto, ᡤᡳᠣᡥᠣᡨᠣ
suiha, ᠰᡠᡳᡥᠠ
fungku, ᡶᡠᠩᡴᡠ
gida, ᡤᡳᡩᠠ
gūlha, ᡤᡡᠯᡥᠠ
foson, ᡶᠣᠰᠣᠨ
meihetu, ᠮᡝᡳᡥᡝᡨᡠ
giyamun, ᡤᡳᠶᠠᠮᡠᠨ
suihe, ᠰᡠᡳᡥᡝ
gung, ᡤᡠᠩ
dambagu, ᡩᠠᠮᠪᠠᡤᡠ
enggemu, ᡝᠩᡤᡝᠮᡠ
wan, ᠸᠠᠨ
suman, ᠰᡠᠮᠠᠨ
hadala, ᡥᠠᡩᠠᠯᠠ
solon, ᠰᠣᠯᠣᠨ
gurung, ᡤᡠᡵᡠᠩ
bulehen, ᠪᡠᠯᡝᡥᡝᠨ
ulhi, ᡠᠯᡥᡳ
harsa, ᡥᠠᡵᠰᠠ
lunggu, ᠯᡠᠩᡤᡠ
mafuta, ᠮᠠᡶᡠᡨᠠ
kuwecihe, ᡴᡠᠸᡝᠴᡳᡥᡝ
aihū, ᠠᡳᡥᡡ
kūca, ᡴᡡᠴᠠ
jolo, ᠵᠣᠯᠣ
gūca, ᡤᡡᠴᠠ
fiya, ᡶᡳᠶᠠ
fulha, ᡶᡠᠯᡥᠠ
miyahū, ᠮᡳᠶᠠᡥᡡ
yamjishūn, ᠶᠠᠮᠵᡳᠰᡥᡡᠨ
fu, ᡶᡠ
fajan, ᡶᠠᠵᠠᠨ
kurume, ᡴᡠᡵᡠᠮᡝ
bojiri ilha, ᠪᠣᠵᡳᡵᡳ ᡳᠯᡥᠠ
sile, ᠰᡳᠯᡝ
jucun, ᠵᡠᠴᡠᠨ
cuse moo, ᠴᡠᠰᡝ ᠮᠣᠣ
nimalan, ᠨᡳᠮᠠᠯᠠᠨ
mailasun, ᠮᠠᡳᠯᠠᠰᡠᠨ
sithen, ᠰᡳᡨᡥᡝᠨ
hoseri, ᡥᠣᠰᡝᡵᡳ
jyli, ᡷᠶᠯᡳ
giyangsu, ᡤᡳᠶᠠᠩᠰᡠ
hūbe, ᡥᡡᠪᡝ
hūnan, ᡥᡡᠨᠠᠨ
holo, ᡥᠣᠯᠣ
jun gar, ᠵᡠᠨ ᡤᠠᡵ
cahar, ᠴᠠᡥᠠᡵ
korcin, ᡴᠣᡵᠴᡳᠨ
nuheci, ᠨᡠᡥᡝᠴᡳ
kalka, ᡴᠠᠯᡴᠠ
nibcu, ᠨᡳᠪᠴᡠ
fioha, ᡶᡳᠣᡥᠠ
huhu noor, ᡥᡠᡥᡠ ᠨᠣᠣᡵ
urumci, ᡠᡵᡠᠮᠴᡳ
ili, ᡳᠯᡳ
hithen, ᡥᡳᡨᡥᡝᠨ
šu ilha, ᡧᡠ ᡳᠯᡥᠠ
aiha, ᠠᡳᡥᠠ
aiha šušu, ᠠᡳᡥᠠ ᡧᡠᡧᡠ
kirsa, ᡴᡳᡵᠰᠠ
ujirhi, ᡠᠵᡳᡵᡥᡳ
silun, ᠰᡳᠯᡠᠨ
onon, ᠣᠨᠣᠨ
elbihe, ᡝᠯᠪᡳᡥᡝ
malahi, ᠮᠠᠯᠠᡥᡳ
injaha, ᡳᠨᠵᠠᡥᠠ
sirhacin, ᠰᡳᡵᡥᠠᠴᡳᠨ
tebku, ᡨᡝᠪᡴᡠ
jeren, ᠵᡝᡵᡝᠨ
adun, ᠠᡩᡠᠨ
muhan, ᠮᡠᡥᠠᠨ
biren, ᠪᡳᡵᡝᠨ
kubun, ᡴᡠᠪᡠᠨ
tarbahi, ᡨᠠᡵᠪᠠᡥᡳ
ilimbi, ᡳᠯᡳᠮᠪᡳ
aisin, ᠠᡳᠰᡳᠨ
dergi abka, ᡩ᠋ᡝ᠋ᡵᡤᡳ ᠠᠪᡴᠠ
niohon abka, ᠨᡳᠣᡥᠣᠨ ᠠᠪᡴᠠ
genggiyen abka, ᡤᡝᠩᡤᡳᠶᡝᠨ ᠠᠪᡴᠠ
ulden, ᡠᠯᡩᡝ᠋ᠨ
gersi fersi, ᡤᡝᡵᠰᡳ ᡶᡝᡵᠰᡳ
miyoocan, ᠮᡳᠶᠣᠣᠴᠠᠨ
hami, ᡥᠠᠮᡳ
turfan, ᡨᡠᡵᡶᠠᠨ
ak᠋su, ᠠᡴ᠋ᠰᡠ
leli, ᠯᡝᠯᡳ
hinggan, ᡥᡳᠩᡤᠠᠨ
jušen, ᠵᡠᡧᡝᠨ
tumen ula, ᡨᡠᠮᡝᠨ ᡠᠯᠠ
nurgaci, ᠨᡠᡵᡤᠠᠴᡳ
hong taiji, ᡥᠣᠩ ᡨᠠᡳᠵᡳ
tolgin, ᡨᠣᠯᡤᡳᠨ
mentu, ᠮᡝᠨᡨᡠ
umudu, ᡠᠮᡠᡩᡠ
mersen, ᠮᡝᡵᠰᡝᠨ
wakšan, ᠸᠠᡴᡧᠠᠨ
hailan, ᡥᠠᡳᠯᠠᠨ
halan, ᡥᠠᠯᠠᠨ
gecen gecembi, ᡤᡝᠴᡝᠨ ᡤᡝᠴᡝᠮᠪᡳ
gecen, ᡤᡝᠴᡝᠨ
bula sogi, ᠪᡠᠯᠠ ᠰᠣᡤᡳ
bulukan šeri, ᠪᡠᠯᡠᡴᠠᠨ ᡧᡝᡵᡳ
hailan boo, ᡥᠠᡳᠯᠠᠨ ᠪᠣᠣ
bula, ᠪᡠᠯᠠ
buyen, ᠪᡠᠶᡝᠨ
fiktu, ᡶᡳᡴᡨᡠ
fili, ᡶᡳᠯᡳ
langtu, ᠯᠠᠩᡨᡠ
yargiyan, ᠶᠠᡵᡤᡳᠶᠠᠨ
yamun, ᠶᠠᠮᡠᠨ
erdeni, ᡝᡵᡩᡝᠨᡳ
dzai tiyan, ᡯᠠᡳ ᡨᡳᠶᠠᠨ
girucun, ᡤᡳᡵᡠᠴᡠᠨ
golmin hecen, ᡤᠣᠯᠮᡳᠨ ᡥᡝᠴᡝᠨ
goroki, ᡤᠣᡵᠣᡴᡳ
mabu, ᠮᠠᠪᡠ
karmani, ᡴᠠᡵᠮᠠᠨᡳ
girin, ᡤᡳᡵᡳᠨ
tamambi, ᡨᠠᠮᠠᠮᠪᡳ
dukai enduri, ᡩᡠᡴᠠᡳ ᡝᠨᡩᡠᡵᡳ
taka, ᡨᠠᡴᠠ
taifin, ᡨᠠᡳᡶᡳᠨ
injeku, ᡳᠨᠵᡝᡴᡠ
uhala, ᡠᡥᠠᠯᠠ
ulin, ᡠᠯᡳᠨ
gūwa, ᡤᡡᠸᠠ
cihalan, ᠴᡳᡥᠠᠯᠠᠨ
beihe, ᠪᡝᡳᡥᡝ
erku, ᡝᡵᡴᡠ
jang giya keo, ᠵᠠᠩ ᡤᡳᠶᠠ ᡴᡝᠣ
erku hoton, ᡝᡵᡴᡠ ᡥᠣᡨᠣᠨ
halbin, ᡥᠠᠯᠪᡳᠨ
folge, ᡶᠣᠯᡤᡝ
simbirsku, ᠰᡳᠮᠪᡳᡵᠰᡴᡠ
cahū, ᠴᠠᡥᡡ
juraka, ᠵᡠᡵᠠᡴᠠ
jurambi, ᠵᡠᡵᠠᠮᠪᡳ
isinaha, ᡳᠰᡳᠨᠠᡥᠠ
isinambi, ᡳᠰᡳᠨᠠᠮᠪᡳ
hendumbi, ᡥᡝᠨᡩᡠᠮᠪᡳ
hoki, ᡥᠣᡴᡳ
wanli, ᠸᠠᠨᠯᡳ
wanli han, ᠸᠠᠨᠯᡳ ᡥᠠᠨ
cicihar, ᠴᡳᠴᡳᡥᠠᡵ
muke ihan, ᠮᡠᡴᡝ ᡳᡥᠠᠨ
monggo gisun, ᠮᠣᠩᡤᠣ ᡤᡳᠰᡠᠨ
monggoso, ᠮᠣᠩᡤᠣᠰᠣ
dorgi yamun, ᡩᠣᡵᡤᡳ ᠶᠠᠮᡠᠨ
dorgi, ᡩᠣᡵᡤᡳ
mederi tulergi, ᠮᡝᡩᡝᡵᡳ ᡨᡠᠯᡝᡵᡤᡳ
tulergi, ᡨᡠᠯᡝᡵᡤᡳ
arsari, ᠠᡵᠰᠠᡵᡳ
tacimbi, ᡨᠠᠴᡳᠮᠪᡳ
mekele, ᠮᡝᡴᡝᠯᡝ
te, ᡨᡝ
baita, ᠪᠠᡳᡨᠠ
baita yabumbi, ᠪᠠᡳᡨᠠ ᠶᠠᠪᡠᠮᠪᡳ
holbon, ᡥᠣᠯᠪᠣᠨ
ajige tacikū, ᠠᠵᡳᡤᡝ ᡨᠠᠴᡳᡴᡡ
amba tacikū, ᠠᠮᠪᠠ ᡨᠠᠴᡳᡴᡡ
tacimsi, ᡨᠠᠴᡳᠮᠰᡳ
dulimbai tacikū, ᡩᡠᠯᡳᠮᠪᠠᡳ ᡨᠠᠴᡳᡴᡡ
dobori, ᡩᠣᠪᠣᡵᡳ
juwan juwe gargan, ᠵᡠᠸᠠᠨ ᠵᡠᠸᡝ ᡤᠠᡵᡤᠠᠨ
gasacun, ᡤᠠᠰᠠᠴᡠᠨ
bayan, ᠪᠠᠶᠠᠨ
gasambi, ᡤᠠᠰᠠᠮᠪᡳ
cisui, ᠴᡳᠰᡠᡳ
cisu, ᠴᡳᠰᡠ
ofi, ᠣᡶᡳ
yakca, ᠶᠠᡴᠴᠠ
ijimbi, ᡳᠵᡳᠮᠪᡳ
fun, ᡶᡠᠨ
šu, ᡧᡠ
šu genggiyen, ᡧᡠ ᡤᡝᠩᡤᡳᠶᡝᠨ
tacin, ᡨᠠᠴᡳᠨ
tana, ᡨᠠᠨᠠ
šu gisun, ᡧᡠ ᡤᡳᠰᡠᠨ
abkai gurun, ᠠᠪᡴᠠᡳ ᡤᡠᡵᡠᠨ
hise, ᡥᡳᠰᡝ
inde, ᡳᠨᡩᡝ
hocikon, ᡥᠣᠴᡳᡴᠣᠨ
cukūlu, ᠴᡠᡴᡡᠯᡠ
yafasi, ᠶᠠᡶᠠᠰᡳ
minci, ᠮᡳᠨᠴᡳ
suran, ᠰᡠᡵᠠᠨ
inci, ᡳᠨᠴᡳ
coohiyan, ᠴᠣᠣᡥᡳᠶᠠᠨ
imbe, ᡳᠮᠪᡝ
mende, ᠮᡝᠨᡩᡝ
cende, ᠴᡝᠨᡩᡝ
ini, ᡳᠨᡳ
museci, ᠮᡠᠰᡝᠴᡳ
musebe, ᠮᡠᠰᡝᠪᡝ
suwende, ᠰᡠᠸᡝᠨᡩᡝ
cenci, ᠴᡝᠨᠴᡳ
membe, ᠮᡝᠮᠪᡝ
menci, ᠮᡝᠨᠴᡳ
ceni, ᠴᡝᠨᡳ
suwembe, ᠰᡠᠸᡝᠮᠪᡝ
musede, ᠮᡠᠰᡝᡩᡝ
simbe, ᠰᡳᠮᠪᡝ
musei, ᠮᡠᠰᡝᡳ
meni, ᠮᡝᠨᡳ
suwenci, ᠰᡠᠸᡝᠨᠴᡳ
suweni, ᠰᡠᠸᡝᠨᡳ
sinci, ᠰᡳᠨᠴᡳ
cembe, ᠴᡝᠮᠪᡝ
minde, ᠮᡳᠨᡩᡝ
noor, ᠨᠣᠣᡵ
bikcuni, ᠪᡳᡴᠴᡠᠨᡳ
bikcu, ᠪᡳᡴᠴᡠ
bicibe, ᠪᡳᠴᡳᠪᡝ
biregen, ᠪᡳᡵᡝᡤᡝᠨ
morisa, ᠮᠣᡵᡳᠰᠠ
sinde, ᠰᡳᠨᡩᡝ
tusumbi, ᡨᡠᠰᡠᠮᠪᡳ
darun, ᡩᠠᡵᡠᠨ
dasan yamun, ᡩᠠᠰᠠᠨ ᠶᠠᠮᡠᠨ
dasan, ᡩᠠᠰᠠᠨ
tatakū, ᡨᠠᡨᠠᡴᡡ
joo modo, ᠵᠣᠣ ᠮᠣᡩᠣ
dulefun, ᡩᡠᠯᡝᡶᡠᠨ
mumuhu, ᠮᡠᠮᡠᡥᡠ
fafaha, ᡶᠠᡶᠠᡥᠠ
cabcal, ᠴᠠᠪᠴᠠᠯ
uigur, ᡠᡳᡤᡠᡵ
dasambi, ᡩᠠᠰᠠᠮᠪᡳ
sibe, ᠰᡳᠪᡝ
fusuku, ᡶᡠᠰᡠᡴᡠ
yamulambi, ᠶᠠᠮᡠᠯᠠᠮᠪᡳ
susu, ᠰᡠᠰᡠ
heristos, ᡥᡝᡵᡳᠰᡨᠣᠰ
seme, ᠰᡝᠮᡝ
fusumbi, ᡶᡠᠰᡠᠮᠪᡳ
waka, ᠸᠠᡴᠠ
wakalan, ᠸᠠᡴᠠᠯᠠᠨ
poo, ᡦᠣᠣ
ohotono, ᠣᡥᠣᡨᠣᠨᠣ
yodan, ᠶᠣᡩᠠᠨ
oori, ᠣᠣᡵᡳ
simen, ᠰᡳᠮᡝᠨ
an hūi, ᠠᠨ ᡥᡡᡳ
wakalambi, ᠸᠠᡴᠠᠯᠠᠮᠪᡳ
fajambi, ᡶᠠᠵᠠᠮᠪᡳ
kadalambi, ᡴᠠᡩᠠᠯᠠᠮᠪᡳ
serkin, ᠰᡝᡵᡴᡳᠨ
haša, ᡥᠠᡧᠠ
hešen, ᡥᡝᡧᡝᠨ
hayan, ᡥᠠᠶᠠᠨ
sarluk, ᠰᠠᡵᠯᡠᡴ
sangse, ᠰᠠᠩᠰᡝ
songgombi, ᠰᠣᠩᡤᠣᠮᠪᡳ
gisurembi, ᡤᡳᠰᡠᡵᡝᠮᠪᡳ
dancalambi, ᡩᠠᠨᠴᠠᠯᠠᠮᠪᡳ
jelu, ᠵᡝᠯᡠ
juseki, ᠵᡠᠰᡝᡴᡳ
jušuru, ᠵᡠᡧᡠᡵᡠ
jilha, ᠵᡳᠯᡥᠠ
jempin, ᠵᡝᠮᡦᡳᠨ
falan, ᡶᠠᠯᠠᠨ
liyeliyembi, ᠯᡳᠶᡝᠯᡳᠶᡝᠮᠪᡳ
anambi, ᠠᠨᠠᠮᠪᡳ
rakša, ᡵᠠᡴᡧᠠ
gilahūn, ᡤᡳᠯᠠᡥᡡᠨ
hoise, ᡥᠣᡳᠰᡝ
pancan, ᡦᠠᠨᠴᠠᠨ
oyoki, ᠣᠶᠣᡴᡳ
ojombi, ᠣᠵᠣᠮᠪᡳ
wahai, ᠸᠠᡥᠠᡳ
yabun, ᠶᠠᠪᡠᠨ
ujui, ᡠᠵᡠᡳ
ningguci, ᠨᡳᠩᡤᡠᠴᡳ
sunja hacin i jeku, ᠰᡠᠨᠵᠠ ᡥᠠᠴᡳᠨ ᡳ ᠵᡝᡴᡠ
ts'aifung, ᡮᠠᡳᡶᡠᠩ
emgeri, ᡝᠮᡤᡝᡵᡳ
ninggun acan, ᠨᡳᠩᡤᡠᠨ ᠠᠴᠠᠨ
ilaci, ᡳᠯᠠᠴᡳ
juwenggeri, ᠵᡠᠸᡝᠩᡤᡝᡵᡳ
juwenofi, ᠵᡠᠸᡝᠨᠣᡶᡳ
mosk'owa, ᠮᠣᠰᠺᠣᠸᠠ
ilanofi, ᡳᠯᠠᠨᠣᡶᡳ
ilanggeri, ᡳᠯᠠᠩᡤᡝᡵᡳ
ninggunggeri, ᠨᡳᠩᡤᡠᠩᡤᡝᡵᡳ
ninggute, ᠨᡳᠩᡤᡠᡨᡝ
tofohorsu, ᡨᠣᡶᠣᡥᠣᡵᠰᡠ
žiben, ᡰᡳᠪᡝᠨ
juwe nofi, ᠵᡠᠸᡝ ᠨᠣᡶᡳ
jursu, ᠵᡠᡵᠰᡠ
jai, ᠵᠠᡳ
juweci, ᠵᡠᠸᡝᠴᡳ
juwete, ᠵᡠᠸᡝᡨᡝ
juwe biya, ᠵᡠᠸᡝ ᠪᡳᠶᠠ
orin uyun, ᠣᡵᡳᠨ ᡠᠶᡠᠨ
gūsici, ᡤᡡᠰᡳᠴᡳ
nofi, ᠨᠣᡶᡳ
du, ᡩᡠ
emte, ᡝᠮᡨᡝ
durgiya, ᡩᡠᡵᡤᡳᠶᠠ
juwan juweci, ᠵᡠᠸᠠᠨ ᠵᡠᠸᡝᠴᡳ
acan giranggi, ᠠᠴᠠᠨ ᡤᡳᡵᠠᠩᡤᡳ
uyuci, ᡠᠶᡠᠴᡳ
aisin usiha, ᠠᡳᠰᡳᠨ ᡠᠰᡳᡥᠠ
yen du, ᠶᡝᠨ ᡩᡠ
uyursu, ᡠᠶᡠᡵᠰᡠ
uyunggeri, ᡠᠶᡠᠩᡤᡝᡵᡳ
acan, ᠠᠴᠠᠨ
aššambi, ᠠᡧᡧᠠᠮᠪᡳ
mene, ᠮᡝᠨᡝ
asuki, ᠠᠰᡠᡴᡳ
juwedembi, ᠵᡠᠸᡝᡩᡝᠮᠪᡳ
saihūwa, ᠰᠠᡳᡥᡡᠸᠠ
arsun, ᠠᡵᠰᡠᠨ
sence, ᠰᡝᠨᠴᡝ
cuse, ᠴᡠᠰᡝ
ajige miyoocan, ᠠᠵᡳᡤᡝ ᠮᡳᠶᠣᠣᠴᠠᠨ
batang, ᠪᠠᡨᠠᠩ
jaici, ᠵᠠᡳᠴᡳ
palta, ᡦᠠᠯᡨᠠ
dzun hūwa, ᡯᡠᠨ ᡥᡡᠸᠠ
arambi, ᠠᡵᠠᠮᠪᡳ
cuwan, ᠴᡠᠸᠠᠨ
hūwaliyambi, ᡥᡡᠸᠠᠯᡳᠶᠠᠮᠪᡳ
jyhiyan, ᡷᡳᡥᡳᠶᠠᠨ
šumuru, ᡧᡠᠮᡠᡵᡠ
hūwašambi, ᡥᡡᠸᠠᡧᠠᠮᠪᡳ
huhu, ᡥᡠᡥᡠ
hulun buir, ᡥᡠᠯᡠᠨ ᠪᡠᡳᡵ
huncun, ᡥᡠᠨᠴᡠᠨ
hūbilgan, ᡥᡡᠪᡳᠯᡤᠠᠨ
hūbarak, ᡥᡡᠪᠠᡵᠠᡴ
aili, ᠠᡳᠯᡳ
ūren, ᡡᡵᡝᠨ
huhu hoton, ᡥᡠᡥᡠ ᡥᠣᡨᠣᠨ
nergi, ᠨᡝᡵᡤᡳ
nirumbi, ᠨᡳᡵᡠᠮᠪᡳ
oodze, ᠣᠣᡯᡝ
oronco, ᠣᡵᠣᠨᠴᠣ
odze, ᠣᡯᡝ
nionio, ᠨᡳᠣᠨᡳᠣ
odze gurun, ᠣᡯᡝ ᡤᡠᡵᡠᠨ
gūwambi, ᡤᡡᠸᠠᠮᠪᡳ
amgambi, ᠠᠮᡤᠠᠮᠪᡳ
acambi, ᠠᠴᠠᠮᠪᡳ
jijun, ᠵᡳᠵᡠᠨ
šidzung, ᡧᡳᡯᡠᠩ
ilmun, ᡳᠯᠮᡠᠨ
gūwalgiya, ᡤᡡᠸᠠᠯᡤᡳᠶᠠ
nahan, ᠨᠠᡥᠠᠨ
jahari, ᠵᠠᡥᠠᡵᡳ
nainai, ᠨᠠᡳᠨᠠᡳ
manjurambi, ᠮᠠᠨᠵᡠᡵᠠᠮᠪᡳ
olo, ᠣᠯᠣ
madasu, ᠮᠠᡩᠠᠰᡠ
jangju, ᠵᠠᠩᠵᡠ
na aššambi, ᠨᠠ ᠠᡧᡧᠠᠮᠪᡳ
habšambi, ᡥᠠᠪᡧᠠᠮᠪᡳ
an, ᠠᠨ
teike, ᡨᡝᡳᡴᡝ
bigan, ᠪᡳᡤᠠᠨ
bitubumbi, ᠪᡳᡨᡠᠪᡠᠮᠪᡳ
baikū, ᠪᠠᡳᡴᡡ
jijumbi, ᠵᡳᠵᡠᠮᠪᡳ
bigarambi, ᠪᡳᡤᠠᡵᠠᠮᠪᡳ
mamgiya, ᠮᠠᠮᡤᡳᠶᠠ
adulambi, ᠠᡩᡠᠯᠠᠮᠪᡳ
teike teike, ᡨᡝᡳᡴᡝ ᡨᡝᡳᡴᡝ
tarfu, ᡨᠠᡵᡶᡠ
bing piyan, ᠪᡳᠩ ᡦᡳᠶᠠᠨ
weilen, ᠸᡝᡳᠯᡝᠨ
biyoo, ᠪᡳᠶᠣᠣ
wambi, ᠸᠠᠮᠪᡳ
ibiyambi, ᡳᠪᡳᠶᠠᠮᠪᡳ
u hū, ᡠ ᡥᡡ
daifurambi, ᡩᠠᡳᡶᡠᡵᠠᠮᠪᡳ
hiyangci, ᡥᡳᠶᠠᠩᠴᡳ
hūda, ᡥᡡᡩᠠ
žindzung, ᡰᡳᠨᡯᡠᠩ
gobi, ᡤᠣᠪᡳ
yuyumbi, ᠶᡠᠶᡠᠮᠪᡳ
cagan, ᠴᠠᡤᠠᠨ
olji, ᠣᠯᠵᡳ
dabsun noor, ᡩᠠᠪᠰᡠᠨ ᠨᠣᠣᡵ
yuyun, ᠶᡠᠶᡠᠨ
bodisatu, ᠪᠣᡩᡳᠰᠠᡨᡠ
obonggi, ᠣᠪᠣᠩᡤᡳ
bofun, ᠪᠣᡶᡠᠨ
inu, ᡳᠨᡠ
gu niyang, ᡤᡠ ᠨᡳᠶᠠᠩ
niyaniombi, ᠨᡳᠶᠠᠨᡳᠣᠮᠪᡳ
g'alab, ᡬᠠᠯᠠᠪ
nukte, ᠨᡠᡴᡨᡝ
orimbi, ᠣᡵᡳᠮᠪᡳ
on, ᠣᠨ
sarin, ᠰᠠᡵᡳᠨ
niyokdoko, ᠨᡳᠶᠣᡴᡩᠣᡴᠣ
oros gisun, ᠣᡵᠣᠰ ᡤᡳᠰᡠᠨ
oljilambi, ᠣᠯᠵᡳᠯᠠᠮᠪᡳ
olombi, ᠣᠯᠣᠮᠪᡳ
getembi, ᡤᡝᡨᡝᠮᠪᡳ
niyohombi, ᠨᡳᠶᠣᡥᠣᠮᠪᡳ
alcuka, ᠠᠯᠴᡠᡴᠠ
haidambi, ᡥᠠᡳᡩᠠᠮᠪᡳ
yaya, ᠶᠠᠶᠠ
yobo, ᠶᠣᠪᠣ
yerkim, ᠶᡝᡵᡴᡳᠮ
araha, ᠠᡵᠠᡥᠠ
arara, ᠠᡵᠠᡵᠠ
damtun, ᡩᠠᠮᡨᡠᠨ
balgaši noor, ᠪᠠᠯᡤᠠᡧᡳ ᠨᠣᠣᡵ
dehele, ᡩᡝᡥᡝᠯᡝ
denglu, ᡩᡝᠩᠯᡠ
un, ᡠᠨ
nemu, ᠨᡝᠮᡠ
mabulambi, ᠮᠠᠪᡠᠯᠠᠮᠪᡳ
buda arambi, ᠪᡠᡩᠠ ᠠᡵᠠᠮᠪᡳ
gardambi, ᡤᠠᡵᡩᠠᠮᠪᡳ
waliyambi, ᠸᠠᠯᡳᠶᠠᠮᠪᡳ
damtulambi, ᡩᠠᠮᡨᡠᠯᠠᠮᠪᡳ
mimbe, ᠮᡳᠮᠪᡝ
sikseri, ᠰᡳᡴᠰᡝᡵᡳ
yacihiyambi, ᠶᠠᠴᡳᡥᡳᠶᠠᠮᠪᡳ
sikse, ᠰᡳᡴᠰᡝ
melembi, ᠮᡝᠯᡝᠮᠪᡳ
teku, ᡨᡝᡴᡠ
ildunde, ᡳᠯᡩᡠᠨᡩᡝ
tehe, ᡨᡝᡥᡝ
sasa, ᠰᠠᠰᠠ
ildun de, ᡳᠯᡩᡠᠨ ᡩᡝ
tara, ᡨᠠᡵᠠ
tehe muke, ᡨᡝᡥᡝ ᠮᡠᡴᡝ
akambi, ᠠᡴᠠᠮᠪᡳ
tungjeo, ᡨᡠᠩᠵᡝᠣ
serengge, ᠰᡝᡵᡝᠩᡤᡝ
morombi, ᠮᠣᡵᠣᠮᠪᡳ
onggombi, ᠣᠩᡤᠣᠮᠪᡳ
šodombi, ᡧᠣᡩᠣᠮᠪᡳ
tembi, ᡨᡝᠮᠪᡳ
ahasi, ᠠᡥᠠᠰᡳ
coron, ᠴᠣᡵᠣᠨ
tuwambi, ᡨᡠᠸᠠᠮᠪᡳ
araha ama, ᠠᡵᠠᡥᠠ ᠠᠮᠠ
araha eniye, ᠠᡵᠠᡥᠠ ᡝᠨᡳᠶᡝ
tambi, ᡨᠠᠮᠪᡳ
saha, ᠰᠠᡥᠠ
samadi, ᠰᠠᠮᠠᡩᡳ
jinjaha, ᠵᡳᠨᠵᠠᡥᠠ
ildun, ᡳᠯᡩᡠᠨ
sambi, ᠰᠠᠮᠪᡳ
seolembi, ᠰᡝᠣᠯᡝᠮᠪᡳ
gecembi, ᡤᡝᠴᡝᠮᠪᡳ
ukcambi, ᡠᡴᠴᠠᠮᠪᡳ
toose, ᡨᠣᠣᠰᡝ
jalu, ᠵᠠᠯᡠ
jingse, ᠵᡳᠩᠰᡝ
abkai, ᠠᠪᡴᠠᡳ
fiyaksa, ᡶᡳᠶᠠᡴᠰᠠ
ana, ᠠᠨᠠ
nasambi, ᠨᠠᠰᠠᠮᠪᡳ
seherembi, ᠰᡝᡥᡝᡵᡝᠮᠪᡳ
oktolombi, ᠣᡴᡨᠣᠯᠣᠮᠪᡳ
sisi, ᠰᡳᠰᡳ
sohin, ᠰᠣᡥᡳᠨ
boose, ᠪᠣᠣᠰᡝ
johombi, ᠵᠣᡥᠣᠮᠪᡳ
deyembi, ᡩᡝᠶᡝᠮᠪᡳ
udambi, ᡠᡩᠠᠮᠪᡳ
bucehe, ᠪᡠᠴᡝᡥᡝ
kuitun, ᡴᡠᡳᡨᡠᠨ
boljombi, ᠪᠣᠯᠵᠣᠮᠪᡳ
boobai, ᠪᠣᠣᠪᠠᡳ
sere, ᠰᡝᡵᡝ
sehe, ᠰᡝᡥᡝ
aiman, ᠠᡳᠮᠠᠨ
tatara boo, ᡨᠠᡨᠠᡵᠠ ᠪᠣᠣ
beile, ᠪᡝᡳᠯᡝ
tatara, ᡨᠠᡨᠠᡵᠠ
aihūn, ᠠᡳᡥᡡᠨ
tatambi, ᡨᠠᡨᠠᠮᠪᡳ
sembi, ᠰᡝᠮᠪᡳ
tatame wambi, ᡨᠠᡨᠠᠮᡝ ᠸᠠᠮᠪᡳ
šašambi, ᡧᠠᡧᠠᠮᠪᡳ
malu, ᠮᠠᠯᡠ
ilga, ᡳᠯᡤᠠ
ilgambi, ᡳᠯᡤᠠᠮᠪᡳ
gisurehe, ᡤᡳᠰᡠᡵᡝᡥᡝ
kadalara, ᡴᠠᡩᠠᠯᠠᡵᠠ
gisurere, ᡤᡳᠰᡠᡵᡝᡵᡝ
ebele, ᡝᠪᡝᠯᡝ
bucembi, ᠪᡠᠴᡝᠮᠪᡳ
sirambi, ᠰᡳᡵᠠᠮᠪᡳ
onggosu, ᠣᠩᡤᠣᠰᡠ
isinara, ᡳᠰᡳᠨᠠᡵᠠ
herulun, ᡥᡝᡵᡠᠯᡠᠨ
tatame, ᡨᠠᡨᠠᠮᡝ
ebišembi, ᡝᠪᡳᡧᡝᠮᠪᡳ
talambi, ᡨᠠᠯᠠᠮᠪᡳ
hūsuri, ᡥᡡᠰᡠᡵᡳ
madagan, ᠮᠠᡩᠠᡤᠠᠨ
ciruku, ᠴᡳᡵᡠᡴᡠ
ainu, ᠠᡳᠨᡠ
ūlen, ᡡᠯᡝᠨ
nemerku, ᠨᡝᠮᡝᡵᡴᡠ
neku, ᠨᡝᡴᡠ
ošoho, ᠣᡧᠣᡥᠣ
duibulen, ᡩᡠᡳᠪᡠᠯᡝᠨ
nemerhen, ᠨᡝᠮᡝᡵᡥᡝᠨ
duibuleci, ᡩᡠᡳᠪᡠᠯᡝᠴᡳ
uttu, ᡠᡨᡨᡠ
hargašan, ᡥᠠᡵᡤᠠᡧᠠᠨ
jargima, ᠵᠠᡵᡤᡳᠮᠠ
toktoho gisun, ᡨᠣᡴᡨᠣᡥᠣ ᡤᡳᠰᡠᠨ
jabjan, ᠵᠠᠪᠵᠠᠨ
toktoho, ᡨᠣᡴᡨᠣᡥᠣ
hangsi, ᡥᠠᠩᠰᡳ
laba, ᠯᠠᠪᠠ
jase, ᠵᠠᠰᡝ
duibulembi, ᡩᡠᡳᠪᡠᠯᡝᠮᠪᡳ
ergembi, ᡝᡵᡤᡝᠮᠪᡳ
obombi, ᠣᠪᠣᠮᠪᡳ
juwere, ᠵᡠᠸᡝᡵᡝ
hargašambi, ᡥᠠᡵᡤᠠᡧᠠᠮᠪᡳ
toktombi, ᡨᠣᡴᡨᠣᠮᠪᡳ
arke, ᠠᡵᡴᡝ
antahasi, ᠠᠨᡨᠠᡥᠠᠰᡳ
nirugan, ᠨᡳᡵᡠᡤᠠᠨ
pocong, ᡦᠣᠴᠣᠩ
iceku, ᡳᠴᡝᡴᡠ
panghai, ᡦᠠᠩᡥᠠᡳ
wali, ᠸᠠᠯᡳ
juwembi, ᠵᡠᠸᡝᠮᠪᡳ
pusa, ᡦᡠᠰᠠ
juktehen, ᠵᡠᡴᡨᡝᡥᡝᠨ
g'andze, ᡬᠠᠨᡯᡝ
fiyokon, ᡶᡳᠶᠣᡴᠣᠨ
mamgiyambi, ᠮᠠᠮᡤᡳᠶᠠᠮᠪᡳ
dosombi, ᡩᠣᠰᠣᠮᠪᡳ
icembi, ᡳᠴᡝᠮᠪᡳ
weniyembi, ᠸᡝᠨᡳᠶᡝᠮᠪᡳ
juktembi, ᠵᡠᡴᡨᡝᠮᠪᡳ
okdombi, ᠣᡴᡩᠣᠮᠪᡳ
fiyokorombi, ᡶᡳᠶᠣᡴᠣᡵᠣᠮᠪᡳ
habgiyambi, ᡥᠠᠪᡤᡳᠶᠠᠮᠪᡳ
cimarilambi, ᠴᡳᠮᠠᡵᡳᠯᠠᠮᠪᡳ
fiyotombi, ᡶᡳᠶᠣᡨᠣᠮᠪᡳ
nacihiyambi, ᠨᠠᠴᡳᡥᡳᠶᠠᠮᠪᡳ
aba, ᠠᠪᠠ
juse, ᠵᡠᠰᡝ
serki, ᠰᡝᡵᡴᡳ
sejesi, ᠰᡝᠵᡝᠰᡳ
jing hiyang, ᠵᡳᠩ ᡥᡳᠶᠠᠩ
nomhon, ᠨᠣᠮᡥᠣᠨ
kani, ᡴᠠᠨᡳ
waburu, ᠸᠠᠪᡠᡵᡠ
ahūnta, ᠠᡥᡡᠨᡨᠠ
duinggeri, ᡩᡠᡳᠩᡤᡝᡵᡳ
falasu, ᡶᠠᠯᠠᠰᡠ
duici, ᡩᡠᡳᠴᡳ
nadanggeri, ᠨᠠᡩᠠᠩᡤᡝᡵᡳ
jakūci, ᠵᠠᡴᡡᠴᡳ
jakūnggeri, ᠵᠠᡴᡡᠩᡤᡝᡵᡳ
nadaci, ᠨᠠᡩᠠᠴᡳ
sunjaci, ᠰᡠᠨᠵᠠᠴᡳ
orin nadan, ᠣᡵᡳᠨ ᠨᠠᡩᠠᠨ
gūsinggeri, ᡤᡡᠰᡳᠩᡤᡝᡵᡳ
orin ilan, ᠣᡵᡳᠨ ᡳᠯᠠᠨ
gūsin sunja, ᡤᡡᠰᡳᠨ ᠰᡠᠨᠵᠠ
orin juwe, ᠣᡵᡳᠨ ᠵᡠᠸᡝ
juwanci, ᠵᡠᠸᠠᠨᠴᡳ
gūsin uyun, ᡤᡡᠰᡳᠨ ᡠᠶᡠᠨ
orin jakūn, ᠣᡵᡳᠨ ᠵᠠᡴᡡᠨ
sunjanggeri, ᠰᡠᠨᠵᠠᠩᡤᡝᡵᡳ
gūsin jakūn, ᡤᡡᠰᡳᠨ ᠵᠠᡴᡡᠨ
orin emu, ᠣᡵᡳᠨ ᡝᠮᡠ
gūsin ninggun, ᡤᡡᠰᡳᠨ ᠨᡳᠩᡤᡠᠨ
gūsin juwe, ᡤᡡᠰᡳᠨ ᠵᡠᠸᡝ
gūsin emu, ᡤᡡᠰᡳᠨ ᡝᠮᡠ
gūsin ilan, ᡤᡡᠰᡳᠨ ᡳᠯᠠᠨ
gūsin nadan, ᡤᡡᠰᡳᠨ ᠨᠠᡩᠠᠨ
gūsin duin, ᡤᡡᠰᡳᠨ ᡩᡠᡳᠨ
orin sunja, ᠣᡵᡳᠨ ᠰᡠᠨᠵᠠ
orin ninggun, ᠣᡵᡳᠨ ᠨᡳᠩᡤᡠᠨ
orin duin, ᠣᡵᡳᠨ ᡩᡠᡳᠨ
ejesu, ᡝᠵᡝᠰᡠ
aika, ᠠᡳᡴᠠ
uruldembi, ᡠᡵᡠᠯᡩᡝᠮᠪᡳ
sejilembi, ᠰᡝᠵᡳᠯᡝᠮᠪᡳ
šoge, ᡧᠣᡤᡝ
lampa, ᠯᠠᠮᡦᠠ
langlai, ᠯᠠᠩᠯᠠᡳ
lifahan, ᠯᡳᡶᠠᡥᠠᠨ
galga, ᡤᠠᠯᡤᠠ
dombi, ᡩᠣᠮᠪᡳ
fuseli, ᡶᡠᠰᡝᠯᡳ
kangkambi, ᡴᠠᠩᡴᠠᠮᠪᡳ
abalambi, ᠠᠪᠠᠯᠠᠮᠪᡳ
galgan, ᡤᠠᠯᡤᠠᠨ
yertembi, ᠶᡝᡵᡨᡝᠮᠪᡳ
giya, ᡤᡳᠶᠠ
agambi, ᠠᡤᠠᠮᠪᡳ
ya si ya, ᠶᠠ ᠰᡳ ᠶᠠ
ya me li giya, ᠶᠠ ᠮᡝ ᠯᡳ ᡤᡳᠶᠠ
li, ᠯᡳ
salja, ᠰᠠᠯᠵᠠ
sargiya, ᠰᠠᡵᡤᡳᠶᠠ
mederi dorgi, ᠮᡝᡩᡝᡵᡳ ᡩᠣᡵᡤᡳ
sarakū, ᠰᠠᡵᠠᡴᡡ
ejembi, ᡝᠵᡝᠮᠪᡳ
sarkū, ᠰᠠᡵᡴᡡ
baitalambi, ᠪᠠᡳᡨᠠᠯᠠᠮᠪᡳ
sa, ᠰᠠ
sarasu, ᠰᠠᡵᠠᠰᡠ
hamtambi, ᡥᠠᠮᡨᠠᠮᠪᡳ
terkimbi, ᡨᡝᡵᡴᡳᠮᠪᡳ
orici, ᠣᡵᡳᠴᡳ
eiten, ᡝᡳᡨᡝᠨ
terkin, ᡨᡝᡵᡴᡳᠨ
lakcaha, ᠯᠠᡴᠴᠠᡥᠠ
serguwešembi, ᠰᡝᡵᡤᡠᠸᡝᡧᡝᠮᠪᡳ
umesi, ᡠᠮᡝᠰᡳ
kaba, ᡴᠠᠪᠠ
fiyanarambi, ᡶᡳᠶᠠᠨᠠᡵᠠᠮᠪᡳ
lakcambi, ᠯᠠᡴᠴᠠᠮᠪᡳ
erembi, ᡝᡵᡝᠮᠪᡳ
urembi, ᡠᡵᡝᠮᠪᡳ
hirambi, ᡥᡳᡵᠠᠮᠪᡳ
juwan duici, ᠵᡠᠸᠠᠨ ᡩᡠᡳᠴᡳ
juwan uyuci, ᠵᡠᠸᠠᠨ ᡠᠶᡠᠴᡳ
oringgeri, ᠣᡵᡳᠩᡤᡝᡵᡳ
juwan ningguci, ᠵᡠᠸᠠᠨ ᠨᡳᠩᡤᡠᠴᡳ
juwan jakūci, ᠵᡠᠸᠠᠨ ᠵᠠᡴᡡᠴᡳ
damu, ᡩᠠᠮᡠ
tofohonggeri, ᡨᠣᡶᠣᡥᠣᠩᡤᡝᡵᡳ
sycuwan, ᠰᡟᠴᡠᠸᠠᠨ
tofohoci, ᡨᠣᡶᠣᡥᠣᠴᡳ
uthai, ᡠᡨᡥᠠᡳ
juwan nadaci, ᠵᡠᠸᠠᠨ ᠨᠠᡩᠠᠴᡳ
sada, ᠰᠠᡩᠠ
eci, ᡝᠴᡳ
hūi, ᡥᡡᡳ
sain holo furdan, ᠰᠠᡳᠨ ᡥᠣᠯᠣ ᡶᡠᡵᡩᠠᠨ
furdan, ᡶᡠᡵᡩᠠᠨ
fung tiyan, ᡶᡠᠩ ᡨᡳᠶᠠᠨ
me, ᠮᡝ
funglu, ᡶᡠᠩᠯᡠ
gioi dzy, ᡤᡳᠣᡳ ᡯᠶ
ertele, ᡝᡵᡨᡝᠯᡝ
gioi, ᡤᡳᠣᡳ
dalan, ᡩᠠᠯᠠᠨ
dalba, ᡩᠠᠯᠪᠠ
yasai, ᠶᠠᠰᠠᡳ
tungse, ᡨᡠᠩᠰᡝ
fudehe jaka, ᡶᡠᡩᡝᡥᡝ ᠵᠠᡴᠠ
nama, ᠨᠠᠮᠠ
tere jaka, ᡨᡝᡵᡝ ᠵᠠᡴᠠ
sebjen, ᠰᡝᠪᠵᡝᠨ
nadan biya, ᠨᠠᡩᠠᠨ ᠪᡳᠶᠠ
juculembi, ᠵᡠᠴᡠᠯᡝᠮᠪᡳ
serembi, ᠰᡝᡵᡝᠮᠪᡳ
jamuri, ᠵᠠᠮᡠᡵᡳ
elcin, ᡝᠯᠴᡳᠨ
jaka furdan, ᠵᠠᡴᠠ ᡶᡠᡵᡩᠠᠨ
giohambi, ᡤᡳᠣᡥᠠᠮᠪᡳ
jakūta, ᠵᠠᡴᡡᡨᠠ
fudambi, ᡶᡠᡩᠠᠮᠪᡳ
juwanggeri, ᠵᡠᠸᠠᠩᡤᡝᡵᡳ
do, ᡩᠣ
juwan ilaci, ᠵᡠᠸᠠᠨ ᡳᠯᠠᠴᡳ
fudembi, ᡶᡠᡩᡝᠮᠪᡳ
firgembi, ᡶᡳᡵᡤᡝᠮᠪᡳ
fudehe, ᡶᡠᡩᡝᡥᡝ
nadata, ᠨᠠᡩᠠᡨᠠ
uyute, ᡠᠶᡠᡨᡝ
dobori dulin, ᡩᠣᠪᠣᡵᡳ ᡩᡠᠯᡳᠨ
dobonio, ᡩᠣᠪᠣᠨᡳᠣ
šimin, ᡧᡳᠮᡳᠨ
aici, ᠠᡳᠴᡳ
miningge, ᠮᡳᠨᡳᠩᡤᡝ
buha, ᠪᡠᡥᠠ
boro, ᠪᠣᡵᠣ
šongk᠋oro, ᡧᠣᠩᡴ᠋ᠣᡵᠣ
talkiyambi, ᡨᠠᠯᡴᡳᠶᠠᠮᠪᡳ
nimaha butara niyalma, ᠨᡳᠮᠠᡥᠠ ᠪᡠᡨᠠᡵᠠ ᠨᡳᠶᠠᠯᠮᠠ
jembi, ᠵᡝᠮᠪᡳ
donjimbi, ᡩᠣᠨᠵᡳᠮᠪᡳ
efimbi, ᡝᡶᡳᠮᠪᡳ
ulhu, ᡠᠯᡥᡠ
niyangniya, ᠨᡳᠶᠠᠩᠨᡳᠶᠠ
suifun, ᠰᡠᡳᡶᡠᠨ
hūlan, ᡥᡡᠯᠠᠨ
injembi, ᡳᠨᠵᡝᠮᠪᡳ
fere, ᡶᡝᡵᡝ
fulgiyembi, ᡶᡠᠯᡤᡳᠶᡝᠮᠪᡳ
folombi, ᡶᠣᠯᠣᠮᠪᡳ
ikiri, ᡳᡴᡳᡵᡳ
omimbi, ᠣᠮᡳᠮᠪᡳ
delen, ᡩᡝᠯᡝᠨ
muduri, ᠮᡠᡩᡠᡵᡳ
niy᠋alma, ᠨᡳᠶ᠋ᠠᠯᠮᠠ
oron, ᠣᡵᠣᠨ
imenggi, ᡳᠮᡝᠩᡤᡳ
olhon, ᠣᠯᡥᠣᠨ
mede, ᠮᡝᡩᡝ
durun, ᡩᡠᡵᡠᠨ
faksi, ᡶᠠᡴᠰᡳ
jeyen, ᠵᡝᠶᡝᠨ
erimbi, ᡝᡵᡳᠮᠪᡳ
furimbi, ᡶᡠᡵᡳᠮᠪᡳ
girimbi, ᡤᡳᡵᡳᠮᠪᡳ
lakiyambi, ᠯᠠᡴᡳᠶᠠᠮᠪᡳ
falu, ᡶᠠᠯᡠ
falga, ᡶᠠᠯᡤᠠ
fursun, ᡶᡠᡵᠰᡠᠨ
doholon, ᡩᠣᡥᠣᠯᠣᠨ
endembi, ᡝᠨᡩᡝᠮᠪᡳ
jafambi, ᠵᠠᡶᠠᠮᠪᡳ
fusembi, ᡶᡠᠰᡝᠮᠪᡳ
karkambi, ᡴᠠᡵᡴᠠᠮᠪᡳ
n᠋ujan, ᠨ᠋ᡠᠵᠠᠨ
kinumbi, ᡴᡳᠨᡠᠮᠪᡳ
dain, ᡩᠠᡳᠨ
hofun, ᡥᠣᡶᡠᠨ
nemeyen, ᠨᡝᠮᡝᠶᡝᠨ
tuhembi, ᡨᡠᡥᡝᠮᠪᡳ
šugi, ᡧᡠᡤᡳ
maiman, ᠮᠠᡳᠮᠠᠨ
bimbi, ᠪᡳᠮᠪᡳ
wasiha, ᠸᠠᠰᡳᡥᠠ
bonggo, ᠪᠣᠨᡤᡤᠣ
teksin, ᡨᡝᡴᠰᡳᠨ
alimbi, ᠠᠯᡳᠮᠪᡳ
anda, ᠠᠨᡩᠠ
elbišembi, ᡝᠯᠪᡳᡧᡝᠮᠪᡳ
fusimbi, ᡶᡠᠰᡳᠮᠪᡳ
banjimbi, ᠪᠠᠨᠵᡳᠮᠪᡳ
site᠋mbi, ᠰᡳᡨᡝ᠋ᠮᠪᡳ
gaimbi, ᡤᠠᡳᠮᠪᡳ
ilembi, ᡳᠯᡝᠮᠪᡳ
etembi, ᡝᡨᡝᠮᠪᡳ
melbimbi, ᠮᡝᠯᠪᡳᠮᠪᡳ
efulembi, ᡝᡶᡠᠯᡝᠮᠪᡳ
gūnimbi, ᡤᡡᠨᡳᠮᠪᡳ
fonjimbi, ᡶᠣᠨᠵᡳᠮᠪᡳ
bodombi, ᠪᠣᡩᠣᠮᠪᡳ
isimbi, ᡳᠰᡳᠮᠪᡳ
fufumbi, ᡶᡠᡶᡠᠮᠪᡳ
fetembi, ᡶᡝᡨᡝᠮᠪᡳ
hujuku, ᡥᡠᠵᡠᡴᡠ
ingtori, ᡳᠩᡨᠣᡵᡳ
balu, ᠪᠠᠯᡠ
meitembi, ᠮᡝᡳᡨᡝᠮᠪᡳ
furumbi, ᡶᡠᡵᡠᠮᠪᡳ
fuyembi, ᡶᡠᠶᡝᠮᠪᡳ
micumbi, ᠮᡳᠴᡠᠮᠪᡳ
deijimbi, ᡩᡝᡳᠵᡳᠮᠪᡳ
torhombi, ᡨᠣᡵᡥᠣᠮᠪᡳ
saimbi, ᠰᠠᡳᠮᠪᡳ
šula, ᡧᡠᠯᠠ
eyembi, ᡝᠶᡝᠮᠪᡳ
simelen, ᠰᡳᠮᡝᠯᡝᠨ
megu, ᠮᡝᡤᡠ
tondo, ᡨᠣᠨᡩᠣ
fecuhun, ᡶᡝᠴᡠᡥᡠᠨ
fejergi, ᡶᡝᠵᡝᡵᡤᡳ
haihū, ᡥᠠᡳᡥᡡ
kiru, ᡴᡳᡵᡠ
buceli, ᠪᡠᠴᡝᠯᡳ
pinggu, ᡦᡳᠩᡤᡠ
šongkon, ᡧᠣᠩᡴᠣᠨ
temgetu, ᡨᡝᠮᡤᡝᡨᡠ
turaki, ᡨᡠᡵᠠᡴᡳ
dolgin, ᡩᠣᠯᡤᡳᠨ
deng, ᡩᡝᠩ
dengse, ᡩᡝᠩᠰᡝ
dube, ᡩᡠᠪᡝ
urse, ᡠᡵᠰᡝ
dung, ᡩᡠᠩ
fadu, ᡶᠠᡩᡠ
fajiran, ᡶᠠᠵᡳᡵᠠᠨ
foyo, ᡶᠣᠶᠣ
fara, ᡶᠠᡵᠠ
foron, ᡶᠣᡵᠣᠨ
fesin, ᡶᡝᠰᡳᠨ
feksimbi, ᡶᡝᡴᠰᡳᠮᠪᡳ
fehumbi, ᡶᡝᡥᡠᠮᠪᡳ
fasimbi, ᡶᠠᠰᡳᠮᠪᡳ
huwethi, ᡥᡠᠸᡝᡨᡥᡳ
feshelembi, ᡶᡝᠰᡥᡝᠯᡝᠮᠪᡳ
fatha, ᡶᠠᡨᡥᠠ
fahambi, ᡶᠠᡥᠠᠮᠪᡳ
fushembi, ᡶᡠᠰᡥᡝᠮᠪᡳ
fiyakiyan, ᡶᡳᠶᠠᡴᡳᠶᠠᠨ
namakū, ᠨᠠᠮᠠᡴᡡ
namkū, ᠨᠠᠮᡴᡡ
tolon, ᡨᠣᠯᠣᠨ
aifini, ᠠᡳᡶᡳᠨᡳ
goidambi, ᡤᠣᡳᡩᠠᠮᠪᡳ
bayambi, ᠪᠠᠶᠠᠮᠪᡳ
aliren, ᠠᠯᡳᡵᡝᠨ
kūtan, ᡴᡡᡨᠠᠨ
kanjidu, ᡴᠠᠨᠵᡳᡩᡠ
yoro, ᠶᠣᡵᠣ
